file,class,method,variable,usage
C:\Users\draj0.CHANDRIKAV\Downloads\spring-petclinic-main\spring-petclinic-main\src\main\java\org\springframework\samples\petclinic\owner\Pet.java,org.springframework.samples.petclinic.owner.Pet,getType/0,type,1
C:\Users\draj0.CHANDRIKAV\Downloads\spring-petclinic-main\spring-petclinic-main\src\main\java\org\springframework\samples\petclinic\owner\Pet.java,org.springframework.samples.petclinic.owner.Pet,getBirthDate/0,birthDate,1
C:\Users\draj0.CHANDRIKAV\Downloads\spring-petclinic-main\spring-petclinic-main\src\main\java\org\springframework\samples\petclinic\owner\Pet.java,org.springframework.samples.petclinic.owner.Pet,setType/1[org.springframework.samples.petclinic.owner.PetType],type,3
C:\Users\draj0.CHANDRIKAV\Downloads\spring-petclinic-main\spring-petclinic-main\src\main\java\org\springframework\samples\petclinic\owner\Pet.java,org.springframework.samples.petclinic.owner.Pet,getVisits/0,visits,1
C:\Users\draj0.CHANDRIKAV\Downloads\spring-petclinic-main\spring-petclinic-main\src\main\java\org\springframework\samples\petclinic\owner\Pet.java,org.springframework.samples.petclinic.owner.Pet,setBirthDate/1[java.time.LocalDate],birthDate,3
C:\Users\draj0.CHANDRIKAV\Downloads\spring-petclinic-main\spring-petclinic-main\src\main\java\org\springframework\samples\petclinic\owner\VisitController.java,org.springframework.samples.petclinic.owner.VisitController,"processNewVisitForm/4[org.springframework.samples.petclinic.owner.Owner,int,org.springframework.samples.petclinic.owner.Visit,org.springframework.samples.petclinic.owner.BindingResult]",owners,1
C:\Users\draj0.CHANDRIKAV\Downloads\spring-petclinic-main\spring-petclinic-main\src\main\java\org\springframework\samples\petclinic\owner\VisitController.java,org.springframework.samples.petclinic.owner.VisitController,VisitController/1[org.springframework.samples.petclinic.owner.OwnerRepository],owners,3
C:\Users\draj0.CHANDRIKAV\Downloads\spring-petclinic-main\spring-petclinic-main\src\main\java\org\springframework\samples\petclinic\owner\VisitController.java,org.springframework.samples.petclinic.owner.VisitController,"loadPetWithVisit/3[int,int,java.util.Map<java.lang.String,java.lang.Object>]",owners,1
C:\Users\draj0.CHANDRIKAV\Downloads\spring-petclinic-main\spring-petclinic-main\src\main\java\org\springframework\samples\petclinic\model\BaseEntity.java,org.springframework.samples.petclinic.model.BaseEntity,isNew/0,id,1
C:\Users\draj0.CHANDRIKAV\Downloads\spring-petclinic-main\spring-petclinic-main\src\main\java\org\springframework\samples\petclinic\model\BaseEntity.java,org.springframework.samples.petclinic.model.BaseEntity,getId/0,id,1
C:\Users\draj0.CHANDRIKAV\Downloads\spring-petclinic-main\spring-petclinic-main\src\main\java\org\springframework\samples\petclinic\model\BaseEntity.java,org.springframework.samples.petclinic.model.BaseEntity,setId/1[java.lang.Integer],id,3
C:\Users\draj0.CHANDRIKAV\Downloads\spring-petclinic-main\spring-petclinic-main\src\main\java\org\springframework\samples\petclinic\model\NamedEntity.java,org.springframework.samples.petclinic.model.NamedEntity,getName/0,name,1
C:\Users\draj0.CHANDRIKAV\Downloads\spring-petclinic-main\spring-petclinic-main\src\main\java\org\springframework\samples\petclinic\model\NamedEntity.java,org.springframework.samples.petclinic.model.NamedEntity,setName/1[java.lang.String],name,3
C:\Users\draj0.CHANDRIKAV\Downloads\spring-petclinic-main\spring-petclinic-main\src\main\java\org\springframework\samples\petclinic\vet\Vets.java,org.springframework.samples.petclinic.vet.Vets,getVetList/0,vets,3
C:\Users\draj0.CHANDRIKAV\Downloads\spring-petclinic-main\spring-petclinic-main\src\main\java\org\springframework\samples\petclinic\owner\Visit.java,org.springframework.samples.petclinic.owner.Visit,getDate/0,date,1
C:\Users\draj0.CHANDRIKAV\Downloads\spring-petclinic-main\spring-petclinic-main\src\main\java\org\springframework\samples\petclinic\owner\Visit.java,org.springframework.samples.petclinic.owner.Visit,getDescription/0,description,1
C:\Users\draj0.CHANDRIKAV\Downloads\spring-petclinic-main\spring-petclinic-main\src\main\java\org\springframework\samples\petclinic\owner\Visit.java,org.springframework.samples.petclinic.owner.Visit,Visit/0,date,1
C:\Users\draj0.CHANDRIKAV\Downloads\spring-petclinic-main\spring-petclinic-main\src\main\java\org\springframework\samples\petclinic\owner\Visit.java,org.springframework.samples.petclinic.owner.Visit,setDate/1[java.time.LocalDate],date,3
C:\Users\draj0.CHANDRIKAV\Downloads\spring-petclinic-main\spring-petclinic-main\src\main\java\org\springframework\samples\petclinic\owner\Visit.java,org.springframework.samples.petclinic.owner.Visit,setDescription/1[java.lang.String],description,3
C:\Users\draj0.CHANDRIKAV\Downloads\spring-petclinic-main\spring-petclinic-main\src\main\java\org\springframework\samples\petclinic\owner\Owner.java,org.springframework.samples.petclinic.owner.Owner,toString/0,address,1
C:\Users\draj0.CHANDRIKAV\Downloads\spring-petclinic-main\spring-petclinic-main\src\main\java\org\springframework\samples\petclinic\owner\Owner.java,org.springframework.samples.petclinic.owner.Owner,toString/0,city,1
C:\Users\draj0.CHANDRIKAV\Downloads\spring-petclinic-main\spring-petclinic-main\src\main\java\org\springframework\samples\petclinic\owner\Owner.java,org.springframework.samples.petclinic.owner.Owner,toString/0,telephone,1
C:\Users\draj0.CHANDRIKAV\Downloads\spring-petclinic-main\spring-petclinic-main\src\main\java\org\springframework\samples\petclinic\owner\Owner.java,org.springframework.samples.petclinic.owner.Owner,getPets/0,pets,1
C:\Users\draj0.CHANDRIKAV\Downloads\spring-petclinic-main\spring-petclinic-main\src\main\java\org\springframework\samples\petclinic\owner\Owner.java,org.springframework.samples.petclinic.owner.Owner,getAddress/0,address,1
C:\Users\draj0.CHANDRIKAV\Downloads\spring-petclinic-main\spring-petclinic-main\src\main\java\org\springframework\samples\petclinic\owner\Owner.java,org.springframework.samples.petclinic.owner.Owner,setTelephone/1[java.lang.String],telephone,3
C:\Users\draj0.CHANDRIKAV\Downloads\spring-petclinic-main\spring-petclinic-main\src\main\java\org\springframework\samples\petclinic\owner\Owner.java,org.springframework.samples.petclinic.owner.Owner,getCity/0,city,1
C:\Users\draj0.CHANDRIKAV\Downloads\spring-petclinic-main\spring-petclinic-main\src\main\java\org\springframework\samples\petclinic\owner\Owner.java,org.springframework.samples.petclinic.owner.Owner,setCity/1[java.lang.String],city,3
C:\Users\draj0.CHANDRIKAV\Downloads\spring-petclinic-main\spring-petclinic-main\src\main\java\org\springframework\samples\petclinic\owner\Owner.java,org.springframework.samples.petclinic.owner.Owner,setAddress/1[java.lang.String],address,3
C:\Users\draj0.CHANDRIKAV\Downloads\spring-petclinic-main\spring-petclinic-main\src\main\java\org\springframework\samples\petclinic\owner\Owner.java,org.springframework.samples.petclinic.owner.Owner,getTelephone/0,telephone,1
C:\Users\draj0.CHANDRIKAV\Downloads\spring-petclinic-main\spring-petclinic-main\src\main\java\org\springframework\samples\petclinic\model\Person.java,org.springframework.samples.petclinic.model.Person,getLastName/0,lastName,1
C:\Users\draj0.CHANDRIKAV\Downloads\spring-petclinic-main\spring-petclinic-main\src\main\java\org\springframework\samples\petclinic\model\Person.java,org.springframework.samples.petclinic.model.Person,setLastName/1[java.lang.String],lastName,3
C:\Users\draj0.CHANDRIKAV\Downloads\spring-petclinic-main\spring-petclinic-main\src\main\java\org\springframework\samples\petclinic\model\Person.java,org.springframework.samples.petclinic.model.Person,getFirstName/0,firstName,1
C:\Users\draj0.CHANDRIKAV\Downloads\spring-petclinic-main\spring-petclinic-main\src\main\java\org\springframework\samples\petclinic\model\Person.java,org.springframework.samples.petclinic.model.Person,setFirstName/1[java.lang.String],firstName,3
C:\Users\draj0.CHANDRIKAV\Downloads\spring-petclinic-main\spring-petclinic-main\src\main\java\org\springframework\samples\petclinic\owner\PetTypeFormatter.java,org.springframework.samples.petclinic.owner.PetTypeFormatter,PetTypeFormatter/1[org.springframework.samples.petclinic.owner.OwnerRepository],owners,3
C:\Users\draj0.CHANDRIKAV\Downloads\spring-petclinic-main\spring-petclinic-main\src\main\java\org\springframework\samples\petclinic\owner\PetTypeFormatter.java,org.springframework.samples.petclinic.owner.PetTypeFormatter,"parse/2[java.lang.String,java.util.Locale]",owners,1
C:\Users\draj0.CHANDRIKAV\Downloads\spring-petclinic-main\spring-petclinic-main\src\main\java\org\springframework\samples\petclinic\vet\VetController.java,org.springframework.samples.petclinic.vet.VetController,findPaginated/1[int],vetRepository,1
C:\Users\draj0.CHANDRIKAV\Downloads\spring-petclinic-main\spring-petclinic-main\src\main\java\org\springframework\samples\petclinic\vet\VetController.java,org.springframework.samples.petclinic.vet.VetController,showResourcesVetList/0,vetRepository,1
C:\Users\draj0.CHANDRIKAV\Downloads\spring-petclinic-main\spring-petclinic-main\src\main\java\org\springframework\samples\petclinic\vet\VetController.java,org.springframework.samples.petclinic.vet.VetController,VetController/1[org.springframework.samples.petclinic.vet.VetRepository],vetRepository,1
C:\Users\draj0.CHANDRIKAV\Downloads\spring-petclinic-main\spring-petclinic-main\src\main\java\org\springframework\samples\petclinic\owner\PetController.java,org.springframework.samples.petclinic.owner.PetController,populatePetTypes/0,owners,1
C:\Users\draj0.CHANDRIKAV\Downloads\spring-petclinic-main\spring-petclinic-main\src\main\java\org\springframework\samples\petclinic\owner\PetController.java,org.springframework.samples.petclinic.owner.PetController,"processCreationForm/4[org.springframework.samples.petclinic.owner.Owner,org.springframework.samples.petclinic.owner.Pet,org.springframework.samples.petclinic.owner.BindingResult,org.springframework.samples.petclinic.owner.ModelMap]",VIEWS_PETS_CREATE_OR_UPDATE_FORM,1
C:\Users\draj0.CHANDRIKAV\Downloads\spring-petclinic-main\spring-petclinic-main\src\main\java\org\springframework\samples\petclinic\owner\PetController.java,org.springframework.samples.petclinic.owner.PetController,"processCreationForm/4[org.springframework.samples.petclinic.owner.Owner,org.springframework.samples.petclinic.owner.Pet,org.springframework.samples.petclinic.owner.BindingResult,org.springframework.samples.petclinic.owner.ModelMap]",owners,1
C:\Users\draj0.CHANDRIKAV\Downloads\spring-petclinic-main\spring-petclinic-main\src\main\java\org\springframework\samples\petclinic\owner\PetController.java,org.springframework.samples.petclinic.owner.PetController,PetController/1[org.springframework.samples.petclinic.owner.OwnerRepository],owners,3
C:\Users\draj0.CHANDRIKAV\Downloads\spring-petclinic-main\spring-petclinic-main\src\main\java\org\springframework\samples\petclinic\owner\PetController.java,org.springframework.samples.petclinic.owner.PetController,"initUpdateForm/3[org.springframework.samples.petclinic.owner.Owner,int,org.springframework.samples.petclinic.owner.ModelMap]",VIEWS_PETS_CREATE_OR_UPDATE_FORM,1
C:\Users\draj0.CHANDRIKAV\Downloads\spring-petclinic-main\spring-petclinic-main\src\main\java\org\springframework\samples\petclinic\owner\PetController.java,org.springframework.samples.petclinic.owner.PetController,"initCreationForm/2[org.springframework.samples.petclinic.owner.Owner,org.springframework.samples.petclinic.owner.ModelMap]",VIEWS_PETS_CREATE_OR_UPDATE_FORM,1
C:\Users\draj0.CHANDRIKAV\Downloads\spring-petclinic-main\spring-petclinic-main\src\main\java\org\springframework\samples\petclinic\owner\PetController.java,org.springframework.samples.petclinic.owner.PetController,"processUpdateForm/4[org.springframework.samples.petclinic.owner.Pet,org.springframework.samples.petclinic.owner.BindingResult,org.springframework.samples.petclinic.owner.Owner,org.springframework.samples.petclinic.owner.ModelMap]",VIEWS_PETS_CREATE_OR_UPDATE_FORM,1
C:\Users\draj0.CHANDRIKAV\Downloads\spring-petclinic-main\spring-petclinic-main\src\main\java\org\springframework\samples\petclinic\owner\PetController.java,org.springframework.samples.petclinic.owner.PetController,"processUpdateForm/4[org.springframework.samples.petclinic.owner.Pet,org.springframework.samples.petclinic.owner.BindingResult,org.springframework.samples.petclinic.owner.Owner,org.springframework.samples.petclinic.owner.ModelMap]",owners,1
C:\Users\draj0.CHANDRIKAV\Downloads\spring-petclinic-main\spring-petclinic-main\src\main\java\org\springframework\samples\petclinic\owner\PetController.java,org.springframework.samples.petclinic.owner.PetController,findOwner/1[int],owners,1
C:\Users\draj0.CHANDRIKAV\Downloads\spring-petclinic-main\spring-petclinic-main\src\main\java\org\springframework\samples\petclinic\owner\PetController.java,org.springframework.samples.petclinic.owner.PetController,"findPet/2[int,java.lang.Integer]",owners,1
C:\Users\draj0.CHANDRIKAV\Downloads\spring-petclinic-main\spring-petclinic-main\src\main\java\org\springframework\samples\petclinic\owner\PetValidator.java,org.springframework.samples.petclinic.owner.PetValidator,"validate/2[java.lang.Object,org.springframework.samples.petclinic.owner.Errors]",REQUIRED,6
C:\Users\draj0.CHANDRIKAV\Downloads\spring-petclinic-main\spring-petclinic-main\src\main\java\org\springframework\samples\petclinic\owner\OwnerController.java,org.springframework.samples.petclinic.owner.OwnerController,"findPaginatedForOwnersLastName/2[int,java.lang.String]",owners,1
C:\Users\draj0.CHANDRIKAV\Downloads\spring-petclinic-main\spring-petclinic-main\src\main\java\org\springframework\samples\petclinic\owner\OwnerController.java,org.springframework.samples.petclinic.owner.OwnerController,OwnerController/1[org.springframework.samples.petclinic.owner.OwnerRepository],owners,1
C:\Users\draj0.CHANDRIKAV\Downloads\spring-petclinic-main\spring-petclinic-main\src\main\java\org\springframework\samples\petclinic\owner\OwnerController.java,org.springframework.samples.petclinic.owner.OwnerController,"processUpdateOwnerForm/3[org.springframework.samples.petclinic.owner.Owner,org.springframework.samples.petclinic.owner.BindingResult,int]",VIEWS_OWNER_CREATE_OR_UPDATE_FORM,1
C:\Users\draj0.CHANDRIKAV\Downloads\spring-petclinic-main\spring-petclinic-main\src\main\java\org\springframework\samples\petclinic\owner\OwnerController.java,org.springframework.samples.petclinic.owner.OwnerController,"processUpdateOwnerForm/3[org.springframework.samples.petclinic.owner.Owner,org.springframework.samples.petclinic.owner.BindingResult,int]",owners,1
C:\Users\draj0.CHANDRIKAV\Downloads\spring-petclinic-main\spring-petclinic-main\src\main\java\org\springframework\samples\petclinic\owner\OwnerController.java,org.springframework.samples.petclinic.owner.OwnerController,"initCreationForm/1[java.util.Map<java.lang.String,java.lang.Object>]",VIEWS_OWNER_CREATE_OR_UPDATE_FORM,1
C:\Users\draj0.CHANDRIKAV\Downloads\spring-petclinic-main\spring-petclinic-main\src\main\java\org\springframework\samples\petclinic\owner\OwnerController.java,org.springframework.samples.petclinic.owner.OwnerController,"initUpdateOwnerForm/2[int,org.springframework.samples.petclinic.owner.Model]",VIEWS_OWNER_CREATE_OR_UPDATE_FORM,1
C:\Users\draj0.CHANDRIKAV\Downloads\spring-petclinic-main\spring-petclinic-main\src\main\java\org\springframework\samples\petclinic\owner\OwnerController.java,org.springframework.samples.petclinic.owner.OwnerController,"initUpdateOwnerForm/2[int,org.springframework.samples.petclinic.owner.Model]",owners,1
C:\Users\draj0.CHANDRIKAV\Downloads\spring-petclinic-main\spring-petclinic-main\src\main\java\org\springframework\samples\petclinic\owner\OwnerController.java,org.springframework.samples.petclinic.owner.OwnerController,findOwner/1[java.lang.Integer],owners,1
C:\Users\draj0.CHANDRIKAV\Downloads\spring-petclinic-main\spring-petclinic-main\src\main\java\org\springframework\samples\petclinic\owner\OwnerController.java,org.springframework.samples.petclinic.owner.OwnerController,"processCreationForm/2[org.springframework.samples.petclinic.owner.Owner,org.springframework.samples.petclinic.owner.BindingResult]",VIEWS_OWNER_CREATE_OR_UPDATE_FORM,1
C:\Users\draj0.CHANDRIKAV\Downloads\spring-petclinic-main\spring-petclinic-main\src\main\java\org\springframework\samples\petclinic\owner\OwnerController.java,org.springframework.samples.petclinic.owner.OwnerController,"processCreationForm/2[org.springframework.samples.petclinic.owner.Owner,org.springframework.samples.petclinic.owner.BindingResult]",owners,1
C:\Users\draj0.CHANDRIKAV\Downloads\spring-petclinic-main\spring-petclinic-main\src\main\java\org\springframework\samples\petclinic\owner\OwnerController.java,org.springframework.samples.petclinic.owner.OwnerController,showOwner/1[int],owners,1
C:\Users\draj0.CHANDRIKAV\Downloads\spring-petclinic-main\spring-petclinic-main\src\main\java\org\springframework\samples\petclinic\vet\Vet.java,org.springframework.samples.petclinic.vet.Vet,setSpecialtiesInternal/1[java.util.Set<org.springframework.samples.petclinic.vet.Specialty>],specialties,3
C:\Users\draj0.CHANDRIKAV\Downloads\spring-petclinic-main\spring-petclinic-main\src\main\java\org\springframework\samples\petclinic\vet\Vet.java,org.springframework.samples.petclinic.vet.Vet,getSpecialtiesInternal/0,specialties,3
