<?xml version="1.0" encoding="UTF-8"?>
<checkstyle version="10.12.0">
<file name="C:\Users\draj0.CHANDRIKAV\Downloads\JSON-java-master\JSON-java-master\src\main\java\org\json\CDL.java">
</file>
<file name="C:\Users\draj0.CHANDRIKAV\Downloads\JSON-java-master\JSON-java-master\src\main\java\org\json\Cookie.java">
</file>
<file name="C:\Users\draj0.CHANDRIKAV\Downloads\JSON-java-master\JSON-java-master\src\main\java\org\json\CookieList.java">
</file>
<file name="C:\Users\draj0.CHANDRIKAV\Downloads\JSON-java-master\JSON-java-master\src\main\java\org\json\HTTP.java">
</file>
<file name="C:\Users\draj0.CHANDRIKAV\Downloads\JSON-java-master\JSON-java-master\src\main\java\org\json\HTTPTokener.java">
</file>
<file name="C:\Users\draj0.CHANDRIKAV\Downloads\JSON-java-master\JSON-java-master\src\main\java\org\json\JSONArray.java">
</file>
<file name="C:\Users\draj0.CHANDRIKAV\Downloads\JSON-java-master\JSON-java-master\src\main\java\org\json\JSONException.java">
</file>
<file name="C:\Users\draj0.CHANDRIKAV\Downloads\JSON-java-master\JSON-java-master\src\main\java\org\json\JSONML.java">
</file>
<file name="C:\Users\draj0.CHANDRIKAV\Downloads\JSON-java-master\JSON-java-master\src\main\java\org\json\JSONMLParserConfiguration.java">
</file>
<file name="C:\Users\draj0.CHANDRIKAV\Downloads\JSON-java-master\JSON-java-master\src\main\java\org\json\JSONObject.java">
</file>
<file name="C:\Users\draj0.CHANDRIKAV\Downloads\JSON-java-master\JSON-java-master\src\main\java\org\json\JSONPointer.java">
</file>
<file name="C:\Users\draj0.CHANDRIKAV\Downloads\JSON-java-master\JSON-java-master\src\main\java\org\json\JSONPointerException.java">
</file>
<file name="C:\Users\draj0.CHANDRIKAV\Downloads\JSON-java-master\JSON-java-master\src\main\java\org\json\JSONPropertyIgnore.java">
</file>
<file name="C:\Users\draj0.CHANDRIKAV\Downloads\JSON-java-master\JSON-java-master\src\main\java\org\json\JSONPropertyName.java">
</file>
<file name="C:\Users\draj0.CHANDRIKAV\Downloads\JSON-java-master\JSON-java-master\src\main\java\org\json\JSONString.java">
</file>
<file name="C:\Users\draj0.CHANDRIKAV\Downloads\JSON-java-master\JSON-java-master\src\main\java\org\json\JSONStringer.java">
</file>
<file name="C:\Users\draj0.CHANDRIKAV\Downloads\JSON-java-master\JSON-java-master\src\main\java\org\json\JSONTokener.java">
</file>
<file name="C:\Users\draj0.CHANDRIKAV\Downloads\JSON-java-master\JSON-java-master\src\main\java\org\json\JSONWriter.java">
</file>
<file name="C:\Users\draj0.CHANDRIKAV\Downloads\JSON-java-master\JSON-java-master\src\main\java\org\json\ParserConfiguration.java">
</file>
<file name="C:\Users\draj0.CHANDRIKAV\Downloads\JSON-java-master\JSON-java-master\src\main\java\org\json\Property.java">
</file>
<file name="C:\Users\draj0.CHANDRIKAV\Downloads\JSON-java-master\JSON-java-master\src\main\java\org\json\XML.java">
</file>
<file name="C:\Users\draj0.CHANDRIKAV\Downloads\JSON-java-master\JSON-java-master\src\main\java\org\json\XMLParserConfiguration.java">
</file>
<file name="C:\Users\draj0.CHANDRIKAV\Downloads\JSON-java-master\JSON-java-master\src\main\java\org\json\XMLTokener.java">
</file>
<file name="C:\Users\draj0.CHANDRIKAV\Downloads\JSON-java-master\JSON-java-master\src\main\java\org\json\XMLXsiTypeConverter.java">
</file>
<file name="C:\Users\draj0.CHANDRIKAV\Downloads\JSON-java-master\JSON-java-master\src\test\java\org\json\junit\CDLTest.java">
</file>
<file name="C:\Users\draj0.CHANDRIKAV\Downloads\JSON-java-master\JSON-java-master\src\test\java\org\json\junit\CookieListTest.java">
</file>
<file name="C:\Users\draj0.CHANDRIKAV\Downloads\JSON-java-master\JSON-java-master\src\test\java\org\json\junit\CookieTest.java">
</file>
<file name="C:\Users\draj0.CHANDRIKAV\Downloads\JSON-java-master\JSON-java-master\src\test\java\org\json\junit\EnumTest.java">
</file>
<file name="C:\Users\draj0.CHANDRIKAV\Downloads\JSON-java-master\JSON-java-master\src\test\java\org\json\junit\HTTPTest.java">
</file>
<file name="C:\Users\draj0.CHANDRIKAV\Downloads\JSON-java-master\JSON-java-master\src\test\java\org\json\junit\JSONArrayTest.java">
</file>
<file name="C:\Users\draj0.CHANDRIKAV\Downloads\JSON-java-master\JSON-java-master\src\test\java\org\json\junit\JSONMLTest.java">
</file>
<file name="C:\Users\draj0.CHANDRIKAV\Downloads\JSON-java-master\JSON-java-master\src\test\java\org\json\junit\JSONObjectLocaleTest.java">
</file>
<file name="C:\Users\draj0.CHANDRIKAV\Downloads\JSON-java-master\JSON-java-master\src\test\java\org\json\junit\JSONObjectNumberTest.java">
</file>
<file name="C:\Users\draj0.CHANDRIKAV\Downloads\JSON-java-master\JSON-java-master\src\test\java\org\json\junit\JSONObjectTest.java">
</file>
<file name="C:\Users\draj0.CHANDRIKAV\Downloads\JSON-java-master\JSON-java-master\src\test\java\org\json\junit\JSONPointerTest.java">
</file>
<file name="C:\Users\draj0.CHANDRIKAV\Downloads\JSON-java-master\JSON-java-master\src\test\java\org\json\junit\JSONStringTest.java">
</file>
<file name="C:\Users\draj0.CHANDRIKAV\Downloads\JSON-java-master\JSON-java-master\src\test\java\org\json\junit\JSONStringerTest.java">
</file>
<file name="C:\Users\draj0.CHANDRIKAV\Downloads\JSON-java-master\JSON-java-master\src\test\java\org\json\junit\JSONTokenerTest.java">
</file>
<file name="C:\Users\draj0.CHANDRIKAV\Downloads\JSON-java-master\JSON-java-master\src\test\java\org\json\junit\PropertyTest.java">
</file>
<file name="C:\Users\draj0.CHANDRIKAV\Downloads\JSON-java-master\JSON-java-master\src\test\java\org\json\junit\Util.java">
</file>
<file name="C:\Users\draj0.CHANDRIKAV\Downloads\JSON-java-master\JSON-java-master\src\test\java\org\json\junit\XMLConfigurationTest.java">
</file>
<file name="C:\Users\draj0.CHANDRIKAV\Downloads\JSON-java-master\JSON-java-master\src\test\java\org\json\junit\XMLTest.java">
</file>
<file name="C:\Users\draj0.CHANDRIKAV\Downloads\JSON-java-master\JSON-java-master\src\test\java\org\json\junit\data\BrokenToString.java">
</file>
<file name="C:\Users\draj0.CHANDRIKAV\Downloads\JSON-java-master\JSON-java-master\src\test\java\org\json\junit\data\ExceptionalBean.java">
</file>
<file name="C:\Users\draj0.CHANDRIKAV\Downloads\JSON-java-master\JSON-java-master\src\test\java\org\json\junit\data\Fraction.java">
</file>
<file name="C:\Users\draj0.CHANDRIKAV\Downloads\JSON-java-master\JSON-java-master\src\test\java\org\json\junit\data\GenericBean.java">
</file>
<file name="C:\Users\draj0.CHANDRIKAV\Downloads\JSON-java-master\JSON-java-master\src\test\java\org\json\junit\data\GenericBeanInt.java">
</file>
<file name="C:\Users\draj0.CHANDRIKAV\Downloads\JSON-java-master\JSON-java-master\src\test\java\org\json\junit\data\MyBean.java">
</file>
<file name="C:\Users\draj0.CHANDRIKAV\Downloads\JSON-java-master\JSON-java-master\src\test\java\org\json\junit\data\MyBeanCustomName.java">
</file>
<file name="C:\Users\draj0.CHANDRIKAV\Downloads\JSON-java-master\JSON-java-master\src\test\java\org\json\junit\data\MyBeanCustomNameInterface.java">
</file>
<file name="C:\Users\draj0.CHANDRIKAV\Downloads\JSON-java-master\JSON-java-master\src\test\java\org\json\junit\data\MyBeanCustomNameSubClass.java">
</file>
<file name="C:\Users\draj0.CHANDRIKAV\Downloads\JSON-java-master\JSON-java-master\src\test\java\org\json\junit\data\MyBigNumberBean.java">
</file>
<file name="C:\Users\draj0.CHANDRIKAV\Downloads\JSON-java-master\JSON-java-master\src\test\java\org\json\junit\data\MyEnum.java">
</file>
<file name="C:\Users\draj0.CHANDRIKAV\Downloads\JSON-java-master\JSON-java-master\src\test\java\org\json\junit\data\MyEnumClass.java">
</file>
<file name="C:\Users\draj0.CHANDRIKAV\Downloads\JSON-java-master\JSON-java-master\src\test\java\org\json\junit\data\MyEnumField.java">
</file>
<file name="C:\Users\draj0.CHANDRIKAV\Downloads\JSON-java-master\JSON-java-master\src\test\java\org\json\junit\data\MyJsonString.java">
</file>
<file name="C:\Users\draj0.CHANDRIKAV\Downloads\JSON-java-master\JSON-java-master\src\test\java\org\json\junit\data\MyLocaleBean.java">
</file>
<file name="C:\Users\draj0.CHANDRIKAV\Downloads\JSON-java-master\JSON-java-master\src\test\java\org\json\junit\data\MyNumber.java">
</file>
<file name="C:\Users\draj0.CHANDRIKAV\Downloads\JSON-java-master\JSON-java-master\src\test\java\org\json\junit\data\MyNumberContainer.java">
</file>
<file name="C:\Users\draj0.CHANDRIKAV\Downloads\JSON-java-master\JSON-java-master\src\test\java\org\json\junit\data\MyPublicClass.java">
</file>
<file name="C:\Users\draj0.CHANDRIKAV\Downloads\JSON-java-master\JSON-java-master\src\test\java\org\json\junit\data\RecursiveBean.java">
</file>
<file name="C:\Users\draj0.CHANDRIKAV\Downloads\JSON-java-master\JSON-java-master\src\test\java\org\json\junit\data\RecursiveBeanEquals.java">
</file>
<file name="C:\Users\draj0.CHANDRIKAV\Downloads\JSON-java-master\JSON-java-master\src\test\java\org\json\junit\data\Singleton.java">
</file>
<file name="C:\Users\draj0.CHANDRIKAV\Downloads\JSON-java-master\JSON-java-master\src\test\java\org\json\junit\data\SingletonEnum.java">
</file>
<file name="C:\Users\draj0.CHANDRIKAV\Downloads\JSON-java-master\JSON-java-master\src\test\java\org\json\junit\data\StringsResourceBundle.java">
</file>
<file name="C:\Users\draj0.CHANDRIKAV\Downloads\JSON-java-master\JSON-java-master\src\test\java\org\json\junit\data\WeirdList.java">
</file>
</checkstyle>
