<?xml version="1.0" encoding="UTF-8"?>
<checkstyle version="10.12.0">
<file name="C:\Users\draj0.CHANDRIKAV\Downloads\spring-petclinic-main\src\main\java\org\springframework\samples\petclinic\PetClinicApplication.java">
</file>
<file name="C:\Users\draj0.CHANDRIKAV\Downloads\spring-petclinic-main\src\main\java\org\springframework\samples\petclinic\PetClinicRuntimeHints.java">
</file>
<file name="C:\Users\draj0.CHANDRIKAV\Downloads\spring-petclinic-main\src\main\java\org\springframework\samples\petclinic\model\BaseEntity.java">
</file>
<file name="C:\Users\draj0.CHANDRIKAV\Downloads\spring-petclinic-main\src\main\java\org\springframework\samples\petclinic\model\NamedEntity.java">
</file>
<file name="C:\Users\draj0.CHANDRIKAV\Downloads\spring-petclinic-main\src\main\java\org\springframework\samples\petclinic\model\Person.java">
</file>
<file name="C:\Users\draj0.CHANDRIKAV\Downloads\spring-petclinic-main\src\main\java\org\springframework\samples\petclinic\model\package-info.java">
</file>
<file name="C:\Users\draj0.CHANDRIKAV\Downloads\spring-petclinic-main\src\main\java\org\springframework\samples\petclinic\owner\Owner.java">
</file>
<file name="C:\Users\draj0.CHANDRIKAV\Downloads\spring-petclinic-main\src\main\java\org\springframework\samples\petclinic\owner\OwnerController.java">
</file>
<file name="C:\Users\draj0.CHANDRIKAV\Downloads\spring-petclinic-main\src\main\java\org\springframework\samples\petclinic\owner\OwnerRepository.java">
</file>
<file name="C:\Users\draj0.CHANDRIKAV\Downloads\spring-petclinic-main\src\main\java\org\springframework\samples\petclinic\owner\Pet.java">
</file>
<file name="C:\Users\draj0.CHANDRIKAV\Downloads\spring-petclinic-main\src\main\java\org\springframework\samples\petclinic\owner\PetController.java">
</file>
<file name="C:\Users\draj0.CHANDRIKAV\Downloads\spring-petclinic-main\src\main\java\org\springframework\samples\petclinic\owner\PetType.java">
</file>
<file name="C:\Users\draj0.CHANDRIKAV\Downloads\spring-petclinic-main\src\main\java\org\springframework\samples\petclinic\owner\PetTypeFormatter.java">
</file>
<file name="C:\Users\draj0.CHANDRIKAV\Downloads\spring-petclinic-main\src\main\java\org\springframework\samples\petclinic\owner\PetValidator.java">
</file>
<file name="C:\Users\draj0.CHANDRIKAV\Downloads\spring-petclinic-main\src\main\java\org\springframework\samples\petclinic\owner\Visit.java">
</file>
<file name="C:\Users\draj0.CHANDRIKAV\Downloads\spring-petclinic-main\src\main\java\org\springframework\samples\petclinic\owner\VisitController.java">
</file>
<file name="C:\Users\draj0.CHANDRIKAV\Downloads\spring-petclinic-main\src\main\java\org\springframework\samples\petclinic\system\CacheConfiguration.java">
</file>
<file name="C:\Users\draj0.CHANDRIKAV\Downloads\spring-petclinic-main\src\main\java\org\springframework\samples\petclinic\system\CrashController.java">
</file>
<file name="C:\Users\draj0.CHANDRIKAV\Downloads\spring-petclinic-main\src\main\java\org\springframework\samples\petclinic\system\WelcomeController.java">
</file>
<file name="C:\Users\draj0.CHANDRIKAV\Downloads\spring-petclinic-main\src\main\java\org\springframework\samples\petclinic\vet\Specialty.java">
</file>
<file name="C:\Users\draj0.CHANDRIKAV\Downloads\spring-petclinic-main\src\main\java\org\springframework\samples\petclinic\vet\Vet.java">
</file>
<file name="C:\Users\draj0.CHANDRIKAV\Downloads\spring-petclinic-main\src\main\java\org\springframework\samples\petclinic\vet\VetController.java">
</file>
<file name="C:\Users\draj0.CHANDRIKAV\Downloads\spring-petclinic-main\src\main\java\org\springframework\samples\petclinic\vet\VetRepository.java">
</file>
<file name="C:\Users\draj0.CHANDRIKAV\Downloads\spring-petclinic-main\src\main\java\org\springframework\samples\petclinic\vet\Vets.java">
</file>
<file name="C:\Users\draj0.CHANDRIKAV\Downloads\spring-petclinic-main\src\test\java\org\springframework\samples\petclinic\MySqlIntegrationTests.java">
</file>
<file name="C:\Users\draj0.CHANDRIKAV\Downloads\spring-petclinic-main\src\test\java\org\springframework\samples\petclinic\MysqlTestApplication.java">
</file>
<file name="C:\Users\draj0.CHANDRIKAV\Downloads\spring-petclinic-main\src\test\java\org\springframework\samples\petclinic\PetClinicIntegrationTests.java">
</file>
<file name="C:\Users\draj0.CHANDRIKAV\Downloads\spring-petclinic-main\src\test\java\org\springframework\samples\petclinic\PostgresIntegrationTests.java">
</file>
<file name="C:\Users\draj0.CHANDRIKAV\Downloads\spring-petclinic-main\src\test\java\org\springframework\samples\petclinic\model\ValidatorTests.java">
</file>
<file name="C:\Users\draj0.CHANDRIKAV\Downloads\spring-petclinic-main\src\test\java\org\springframework\samples\petclinic\owner\OwnerControllerTests.java">
</file>
<file name="C:\Users\draj0.CHANDRIKAV\Downloads\spring-petclinic-main\src\test\java\org\springframework\samples\petclinic\owner\PetControllerTests.java">
</file>
<file name="C:\Users\draj0.CHANDRIKAV\Downloads\spring-petclinic-main\src\test\java\org\springframework\samples\petclinic\owner\PetTypeFormatterTests.java">
</file>
<file name="C:\Users\draj0.CHANDRIKAV\Downloads\spring-petclinic-main\src\test\java\org\springframework\samples\petclinic\owner\VisitControllerTests.java">
</file>
<file name="C:\Users\draj0.CHANDRIKAV\Downloads\spring-petclinic-main\src\test\java\org\springframework\samples\petclinic\service\ClinicServiceTests.java">
</file>
<file name="C:\Users\draj0.CHANDRIKAV\Downloads\spring-petclinic-main\src\test\java\org\springframework\samples\petclinic\service\EntityUtils.java">
</file>
<file name="C:\Users\draj0.CHANDRIKAV\Downloads\spring-petclinic-main\src\test\java\org\springframework\samples\petclinic\system\CrashControllerIntegrationTests.java">
</file>
<file name="C:\Users\draj0.CHANDRIKAV\Downloads\spring-petclinic-main\src\test\java\org\springframework\samples\petclinic\system\CrashControllerTests.java">
</file>
<file name="C:\Users\draj0.CHANDRIKAV\Downloads\spring-petclinic-main\src\test\java\org\springframework\samples\petclinic\vet\VetControllerTests.java">
</file>
<file name="C:\Users\draj0.CHANDRIKAV\Downloads\spring-petclinic-main\src\test\java\org\springframework\samples\petclinic\vet\VetTests.java">
</file>
</checkstyle>
