<?xml version="1.0" encoding="UTF-8"?>
<checkstyle version="10.12.0">
<file name="C:\Users\draj0.CHANDRIKAV\Downloads\commons-lang-master\commons-lang-master\src\main\java\org\apache\commons\lang3\AnnotationUtils.java">
</file>
<file name="C:\Users\draj0.CHANDRIKAV\Downloads\commons-lang-master\commons-lang-master\src\main\java\org\apache\commons\lang3\ArchUtils.java">
</file>
<file name="C:\Users\draj0.CHANDRIKAV\Downloads\commons-lang-master\commons-lang-master\src\main\java\org\apache\commons\lang3\ArraySorter.java">
</file>
<file name="C:\Users\draj0.CHANDRIKAV\Downloads\commons-lang-master\commons-lang-master\src\main\java\org\apache\commons\lang3\ArrayUtils.java">
</file>
<file name="C:\Users\draj0.CHANDRIKAV\Downloads\commons-lang-master\commons-lang-master\src\main\java\org\apache\commons\lang3\BitField.java">
</file>
<file name="C:\Users\draj0.CHANDRIKAV\Downloads\commons-lang-master\commons-lang-master\src\main\java\org\apache\commons\lang3\BooleanUtils.java">
</file>
<file name="C:\Users\draj0.CHANDRIKAV\Downloads\commons-lang-master\commons-lang-master\src\main\java\org\apache\commons\lang3\CharEncoding.java">
</file>
<file name="C:\Users\draj0.CHANDRIKAV\Downloads\commons-lang-master\commons-lang-master\src\main\java\org\apache\commons\lang3\CharRange.java">
</file>
<file name="C:\Users\draj0.CHANDRIKAV\Downloads\commons-lang-master\commons-lang-master\src\main\java\org\apache\commons\lang3\CharSequenceUtils.java">
</file>
<file name="C:\Users\draj0.CHANDRIKAV\Downloads\commons-lang-master\commons-lang-master\src\main\java\org\apache\commons\lang3\CharSet.java">
</file>
<file name="C:\Users\draj0.CHANDRIKAV\Downloads\commons-lang-master\commons-lang-master\src\main\java\org\apache\commons\lang3\CharSetUtils.java">
</file>
<file name="C:\Users\draj0.CHANDRIKAV\Downloads\commons-lang-master\commons-lang-master\src\main\java\org\apache\commons\lang3\CharUtils.java">
</file>
<file name="C:\Users\draj0.CHANDRIKAV\Downloads\commons-lang-master\commons-lang-master\src\main\java\org\apache\commons\lang3\Charsets.java">
</file>
<file name="C:\Users\draj0.CHANDRIKAV\Downloads\commons-lang-master\commons-lang-master\src\main\java\org\apache\commons\lang3\ClassLoaderUtils.java">
</file>
<file name="C:\Users\draj0.CHANDRIKAV\Downloads\commons-lang-master\commons-lang-master\src\main\java\org\apache\commons\lang3\ClassPathUtils.java">
</file>
<file name="C:\Users\draj0.CHANDRIKAV\Downloads\commons-lang-master\commons-lang-master\src\main\java\org\apache\commons\lang3\ClassUtils.java">
</file>
<file name="C:\Users\draj0.CHANDRIKAV\Downloads\commons-lang-master\commons-lang-master\src\main\java\org\apache\commons\lang3\Conversion.java">
</file>
<file name="C:\Users\draj0.CHANDRIKAV\Downloads\commons-lang-master\commons-lang-master\src\main\java\org\apache\commons\lang3\DoubleRange.java">
</file>
<file name="C:\Users\draj0.CHANDRIKAV\Downloads\commons-lang-master\commons-lang-master\src\main\java\org\apache\commons\lang3\EnumUtils.java">
</file>
<file name="C:\Users\draj0.CHANDRIKAV\Downloads\commons-lang-master\commons-lang-master\src\main\java\org\apache\commons\lang3\Functions.java">
</file>
<file name="C:\Users\draj0.CHANDRIKAV\Downloads\commons-lang-master\commons-lang-master\src\main\java\org\apache\commons\lang3\IntegerRange.java">
</file>
<file name="C:\Users\draj0.CHANDRIKAV\Downloads\commons-lang-master\commons-lang-master\src\main\java\org\apache\commons\lang3\JavaVersion.java">
</file>
<file name="C:\Users\draj0.CHANDRIKAV\Downloads\commons-lang-master\commons-lang-master\src\main\java\org\apache\commons\lang3\LocaleUtils.java">
</file>
<file name="C:\Users\draj0.CHANDRIKAV\Downloads\commons-lang-master\commons-lang-master\src\main\java\org\apache\commons\lang3\LongRange.java">
</file>
<file name="C:\Users\draj0.CHANDRIKAV\Downloads\commons-lang-master\commons-lang-master\src\main\java\org\apache\commons\lang3\NotImplementedException.java">
</file>
<file name="C:\Users\draj0.CHANDRIKAV\Downloads\commons-lang-master\commons-lang-master\src\main\java\org\apache\commons\lang3\NumberRange.java">
</file>
<file name="C:\Users\draj0.CHANDRIKAV\Downloads\commons-lang-master\commons-lang-master\src\main\java\org\apache\commons\lang3\ObjectUtils.java">
</file>
<file name="C:\Users\draj0.CHANDRIKAV\Downloads\commons-lang-master\commons-lang-master\src\main\java\org\apache\commons\lang3\RandomStringUtils.java">
</file>
<file name="C:\Users\draj0.CHANDRIKAV\Downloads\commons-lang-master\commons-lang-master\src\main\java\org\apache\commons\lang3\RandomUtils.java">
</file>
<file name="C:\Users\draj0.CHANDRIKAV\Downloads\commons-lang-master\commons-lang-master\src\main\java\org\apache\commons\lang3\Range.java">
</file>
<file name="C:\Users\draj0.CHANDRIKAV\Downloads\commons-lang-master\commons-lang-master\src\main\java\org\apache\commons\lang3\RegExUtils.java">
</file>
<file name="C:\Users\draj0.CHANDRIKAV\Downloads\commons-lang-master\commons-lang-master\src\main\java\org\apache\commons\lang3\SerializationException.java">
</file>
<file name="C:\Users\draj0.CHANDRIKAV\Downloads\commons-lang-master\commons-lang-master\src\main\java\org\apache\commons\lang3\SerializationUtils.java">
</file>
<file name="C:\Users\draj0.CHANDRIKAV\Downloads\commons-lang-master\commons-lang-master\src\main\java\org\apache\commons\lang3\Streams.java">
</file>
<file name="C:\Users\draj0.CHANDRIKAV\Downloads\commons-lang-master\commons-lang-master\src\main\java\org\apache\commons\lang3\StringEscapeUtils.java">
</file>
<file name="C:\Users\draj0.CHANDRIKAV\Downloads\commons-lang-master\commons-lang-master\src\main\java\org\apache\commons\lang3\StringUtils.java">
</file>
<file name="C:\Users\draj0.CHANDRIKAV\Downloads\commons-lang-master\commons-lang-master\src\main\java\org\apache\commons\lang3\SystemProperties.java">
</file>
<file name="C:\Users\draj0.CHANDRIKAV\Downloads\commons-lang-master\commons-lang-master\src\main\java\org\apache\commons\lang3\SystemUtils.java">
</file>
<file name="C:\Users\draj0.CHANDRIKAV\Downloads\commons-lang-master\commons-lang-master\src\main\java\org\apache\commons\lang3\ThreadUtils.java">
</file>
<file name="C:\Users\draj0.CHANDRIKAV\Downloads\commons-lang-master\commons-lang-master\src\main\java\org\apache\commons\lang3\Validate.java">
</file>
<file name="C:\Users\draj0.CHANDRIKAV\Downloads\commons-lang-master\commons-lang-master\src\main\java\org\apache\commons\lang3\arch\Processor.java">
</file>
<file name="C:\Users\draj0.CHANDRIKAV\Downloads\commons-lang-master\commons-lang-master\src\main\java\org\apache\commons\lang3\arch\package-info.java">
</file>
<file name="C:\Users\draj0.CHANDRIKAV\Downloads\commons-lang-master\commons-lang-master\src\main\java\org\apache\commons\lang3\builder\Builder.java">
</file>
<file name="C:\Users\draj0.CHANDRIKAV\Downloads\commons-lang-master\commons-lang-master\src\main\java\org\apache\commons\lang3\builder\CompareToBuilder.java">
</file>
<file name="C:\Users\draj0.CHANDRIKAV\Downloads\commons-lang-master\commons-lang-master\src\main\java\org\apache\commons\lang3\builder\Diff.java">
</file>
<file name="C:\Users\draj0.CHANDRIKAV\Downloads\commons-lang-master\commons-lang-master\src\main\java\org\apache\commons\lang3\builder\DiffBuilder.java">
</file>
<file name="C:\Users\draj0.CHANDRIKAV\Downloads\commons-lang-master\commons-lang-master\src\main\java\org\apache\commons\lang3\builder\DiffExclude.java">
</file>
<file name="C:\Users\draj0.CHANDRIKAV\Downloads\commons-lang-master\commons-lang-master\src\main\java\org\apache\commons\lang3\builder\DiffResult.java">
</file>
<file name="C:\Users\draj0.CHANDRIKAV\Downloads\commons-lang-master\commons-lang-master\src\main\java\org\apache\commons\lang3\builder\Diffable.java">
</file>
<file name="C:\Users\draj0.CHANDRIKAV\Downloads\commons-lang-master\commons-lang-master\src\main\java\org\apache\commons\lang3\builder\EqualsBuilder.java">
</file>
<file name="C:\Users\draj0.CHANDRIKAV\Downloads\commons-lang-master\commons-lang-master\src\main\java\org\apache\commons\lang3\builder\EqualsExclude.java">
</file>
<file name="C:\Users\draj0.CHANDRIKAV\Downloads\commons-lang-master\commons-lang-master\src\main\java\org\apache\commons\lang3\builder\HashCodeBuilder.java">
</file>
<file name="C:\Users\draj0.CHANDRIKAV\Downloads\commons-lang-master\commons-lang-master\src\main\java\org\apache\commons\lang3\builder\HashCodeExclude.java">
</file>
<file name="C:\Users\draj0.CHANDRIKAV\Downloads\commons-lang-master\commons-lang-master\src\main\java\org\apache\commons\lang3\builder\IDKey.java">
</file>
<file name="C:\Users\draj0.CHANDRIKAV\Downloads\commons-lang-master\commons-lang-master\src\main\java\org\apache\commons\lang3\builder\MultilineRecursiveToStringStyle.java">
</file>
<file name="C:\Users\draj0.CHANDRIKAV\Downloads\commons-lang-master\commons-lang-master\src\main\java\org\apache\commons\lang3\builder\RecursiveToStringStyle.java">
</file>
<file name="C:\Users\draj0.CHANDRIKAV\Downloads\commons-lang-master\commons-lang-master\src\main\java\org\apache\commons\lang3\builder\ReflectionDiffBuilder.java">
</file>
<file name="C:\Users\draj0.CHANDRIKAV\Downloads\commons-lang-master\commons-lang-master\src\main\java\org\apache\commons\lang3\builder\ReflectionToStringBuilder.java">
</file>
<file name="C:\Users\draj0.CHANDRIKAV\Downloads\commons-lang-master\commons-lang-master\src\main\java\org\apache\commons\lang3\builder\StandardToStringStyle.java">
</file>
<file name="C:\Users\draj0.CHANDRIKAV\Downloads\commons-lang-master\commons-lang-master\src\main\java\org\apache\commons\lang3\builder\ToStringBuilder.java">
</file>
<file name="C:\Users\draj0.CHANDRIKAV\Downloads\commons-lang-master\commons-lang-master\src\main\java\org\apache\commons\lang3\builder\ToStringExclude.java">
</file>
<file name="C:\Users\draj0.CHANDRIKAV\Downloads\commons-lang-master\commons-lang-master\src\main\java\org\apache\commons\lang3\builder\ToStringStyle.java">
</file>
<file name="C:\Users\draj0.CHANDRIKAV\Downloads\commons-lang-master\commons-lang-master\src\main\java\org\apache\commons\lang3\builder\ToStringSummary.java">
</file>
<file name="C:\Users\draj0.CHANDRIKAV\Downloads\commons-lang-master\commons-lang-master\src\main\java\org\apache\commons\lang3\builder\package-info.java">
</file>
<file name="C:\Users\draj0.CHANDRIKAV\Downloads\commons-lang-master\commons-lang-master\src\main\java\org\apache\commons\lang3\compare\ComparableUtils.java">
</file>
<file name="C:\Users\draj0.CHANDRIKAV\Downloads\commons-lang-master\commons-lang-master\src\main\java\org\apache\commons\lang3\compare\ObjectToStringComparator.java">
</file>
<file name="C:\Users\draj0.CHANDRIKAV\Downloads\commons-lang-master\commons-lang-master\src\main\java\org\apache\commons\lang3\compare\package-info.java">
</file>
<file name="C:\Users\draj0.CHANDRIKAV\Downloads\commons-lang-master\commons-lang-master\src\main\java\org\apache\commons\lang3\concurrent\AbstractCircuitBreaker.java">
</file>
<file name="C:\Users\draj0.CHANDRIKAV\Downloads\commons-lang-master\commons-lang-master\src\main\java\org\apache\commons\lang3\concurrent\AbstractFutureProxy.java">
</file>
<file name="C:\Users\draj0.CHANDRIKAV\Downloads\commons-lang-master\commons-lang-master\src\main\java\org\apache\commons\lang3\concurrent\AtomicInitializer.java">
</file>
<file name="C:\Users\draj0.CHANDRIKAV\Downloads\commons-lang-master\commons-lang-master\src\main\java\org\apache\commons\lang3\concurrent\AtomicSafeInitializer.java">
</file>
<file name="C:\Users\draj0.CHANDRIKAV\Downloads\commons-lang-master\commons-lang-master\src\main\java\org\apache\commons\lang3\concurrent\BackgroundInitializer.java">
</file>
<file name="C:\Users\draj0.CHANDRIKAV\Downloads\commons-lang-master\commons-lang-master\src\main\java\org\apache\commons\lang3\concurrent\BasicThreadFactory.java">
</file>
<file name="C:\Users\draj0.CHANDRIKAV\Downloads\commons-lang-master\commons-lang-master\src\main\java\org\apache\commons\lang3\concurrent\CallableBackgroundInitializer.java">
</file>
<file name="C:\Users\draj0.CHANDRIKAV\Downloads\commons-lang-master\commons-lang-master\src\main\java\org\apache\commons\lang3\concurrent\CircuitBreaker.java">
</file>
<file name="C:\Users\draj0.CHANDRIKAV\Downloads\commons-lang-master\commons-lang-master\src\main\java\org\apache\commons\lang3\concurrent\CircuitBreakingException.java">
</file>
<file name="C:\Users\draj0.CHANDRIKAV\Downloads\commons-lang-master\commons-lang-master\src\main\java\org\apache\commons\lang3\concurrent\Computable.java">
</file>
<file name="C:\Users\draj0.CHANDRIKAV\Downloads\commons-lang-master\commons-lang-master\src\main\java\org\apache\commons\lang3\concurrent\ConcurrentException.java">
</file>
<file name="C:\Users\draj0.CHANDRIKAV\Downloads\commons-lang-master\commons-lang-master\src\main\java\org\apache\commons\lang3\concurrent\ConcurrentInitializer.java">
</file>
<file name="C:\Users\draj0.CHANDRIKAV\Downloads\commons-lang-master\commons-lang-master\src\main\java\org\apache\commons\lang3\concurrent\ConcurrentRuntimeException.java">
</file>
<file name="C:\Users\draj0.CHANDRIKAV\Downloads\commons-lang-master\commons-lang-master\src\main\java\org\apache\commons\lang3\concurrent\ConcurrentUtils.java">
</file>
<file name="C:\Users\draj0.CHANDRIKAV\Downloads\commons-lang-master\commons-lang-master\src\main\java\org\apache\commons\lang3\concurrent\ConstantInitializer.java">
</file>
<file name="C:\Users\draj0.CHANDRIKAV\Downloads\commons-lang-master\commons-lang-master\src\main\java\org\apache\commons\lang3\concurrent\EventCountCircuitBreaker.java">
</file>
<file name="C:\Users\draj0.CHANDRIKAV\Downloads\commons-lang-master\commons-lang-master\src\main\java\org\apache\commons\lang3\concurrent\FutureTasks.java">
</file>
<file name="C:\Users\draj0.CHANDRIKAV\Downloads\commons-lang-master\commons-lang-master\src\main\java\org\apache\commons\lang3\concurrent\LazyInitializer.java">
</file>
<file name="C:\Users\draj0.CHANDRIKAV\Downloads\commons-lang-master\commons-lang-master\src\main\java\org\apache\commons\lang3\concurrent\Memoizer.java">
</file>
<file name="C:\Users\draj0.CHANDRIKAV\Downloads\commons-lang-master\commons-lang-master\src\main\java\org\apache\commons\lang3\concurrent\MultiBackgroundInitializer.java">
</file>
<file name="C:\Users\draj0.CHANDRIKAV\Downloads\commons-lang-master\commons-lang-master\src\main\java\org\apache\commons\lang3\concurrent\ThresholdCircuitBreaker.java">
</file>
<file name="C:\Users\draj0.CHANDRIKAV\Downloads\commons-lang-master\commons-lang-master\src\main\java\org\apache\commons\lang3\concurrent\TimedSemaphore.java">
</file>
<file name="C:\Users\draj0.CHANDRIKAV\Downloads\commons-lang-master\commons-lang-master\src\main\java\org\apache\commons\lang3\concurrent\UncheckedExecutionException.java">
</file>
<file name="C:\Users\draj0.CHANDRIKAV\Downloads\commons-lang-master\commons-lang-master\src\main\java\org\apache\commons\lang3\concurrent\UncheckedFuture.java">
</file>
<file name="C:\Users\draj0.CHANDRIKAV\Downloads\commons-lang-master\commons-lang-master\src\main\java\org\apache\commons\lang3\concurrent\UncheckedFutureImpl.java">
</file>
<file name="C:\Users\draj0.CHANDRIKAV\Downloads\commons-lang-master\commons-lang-master\src\main\java\org\apache\commons\lang3\concurrent\UncheckedTimeoutException.java">
</file>
<file name="C:\Users\draj0.CHANDRIKAV\Downloads\commons-lang-master\commons-lang-master\src\main\java\org\apache\commons\lang3\concurrent\locks\LockingVisitors.java">
</file>
<file name="C:\Users\draj0.CHANDRIKAV\Downloads\commons-lang-master\commons-lang-master\src\main\java\org\apache\commons\lang3\concurrent\locks\package-info.java">
</file>
<file name="C:\Users\draj0.CHANDRIKAV\Downloads\commons-lang-master\commons-lang-master\src\main\java\org\apache\commons\lang3\concurrent\package-info.java">
</file>
<file name="C:\Users\draj0.CHANDRIKAV\Downloads\commons-lang-master\commons-lang-master\src\main\java\org\apache\commons\lang3\event\EventListenerSupport.java">
</file>
<file name="C:\Users\draj0.CHANDRIKAV\Downloads\commons-lang-master\commons-lang-master\src\main\java\org\apache\commons\lang3\event\EventUtils.java">
</file>
<file name="C:\Users\draj0.CHANDRIKAV\Downloads\commons-lang-master\commons-lang-master\src\main\java\org\apache\commons\lang3\event\package-info.java">
</file>
<file name="C:\Users\draj0.CHANDRIKAV\Downloads\commons-lang-master\commons-lang-master\src\main\java\org\apache\commons\lang3\exception\CloneFailedException.java">
</file>
<file name="C:\Users\draj0.CHANDRIKAV\Downloads\commons-lang-master\commons-lang-master\src\main\java\org\apache\commons\lang3\exception\ContextedException.java">
</file>
<file name="C:\Users\draj0.CHANDRIKAV\Downloads\commons-lang-master\commons-lang-master\src\main\java\org\apache\commons\lang3\exception\ContextedRuntimeException.java">
</file>
<file name="C:\Users\draj0.CHANDRIKAV\Downloads\commons-lang-master\commons-lang-master\src\main\java\org\apache\commons\lang3\exception\DefaultExceptionContext.java">
</file>
<file name="C:\Users\draj0.CHANDRIKAV\Downloads\commons-lang-master\commons-lang-master\src\main\java\org\apache\commons\lang3\exception\ExceptionContext.java">
</file>
<file name="C:\Users\draj0.CHANDRIKAV\Downloads\commons-lang-master\commons-lang-master\src\main\java\org\apache\commons\lang3\exception\ExceptionUtils.java">
</file>
<file name="C:\Users\draj0.CHANDRIKAV\Downloads\commons-lang-master\commons-lang-master\src\main\java\org\apache\commons\lang3\exception\UncheckedException.java">
</file>
<file name="C:\Users\draj0.CHANDRIKAV\Downloads\commons-lang-master\commons-lang-master\src\main\java\org\apache\commons\lang3\exception\UncheckedIllegalAccessException.java">
</file>
<file name="C:\Users\draj0.CHANDRIKAV\Downloads\commons-lang-master\commons-lang-master\src\main\java\org\apache\commons\lang3\exception\UncheckedInterruptedException.java">
</file>
<file name="C:\Users\draj0.CHANDRIKAV\Downloads\commons-lang-master\commons-lang-master\src\main\java\org\apache\commons\lang3\exception\UncheckedReflectiveOperationException.java">
</file>
<file name="C:\Users\draj0.CHANDRIKAV\Downloads\commons-lang-master\commons-lang-master\src\main\java\org\apache\commons\lang3\exception\package-info.java">
</file>
<file name="C:\Users\draj0.CHANDRIKAV\Downloads\commons-lang-master\commons-lang-master\src\main\java\org\apache\commons\lang3\function\BooleanConsumer.java">
</file>
<file name="C:\Users\draj0.CHANDRIKAV\Downloads\commons-lang-master\commons-lang-master\src\main\java\org\apache\commons\lang3\function\Consumers.java">
</file>
<file name="C:\Users\draj0.CHANDRIKAV\Downloads\commons-lang-master\commons-lang-master\src\main\java\org\apache\commons\lang3\function\Failable.java">
</file>
<file name="C:\Users\draj0.CHANDRIKAV\Downloads\commons-lang-master\commons-lang-master\src\main\java\org\apache\commons\lang3\function\FailableBiConsumer.java">
</file>
<file name="C:\Users\draj0.CHANDRIKAV\Downloads\commons-lang-master\commons-lang-master\src\main\java\org\apache\commons\lang3\function\FailableBiFunction.java">
</file>
<file name="C:\Users\draj0.CHANDRIKAV\Downloads\commons-lang-master\commons-lang-master\src\main\java\org\apache\commons\lang3\function\FailableBiPredicate.java">
</file>
<file name="C:\Users\draj0.CHANDRIKAV\Downloads\commons-lang-master\commons-lang-master\src\main\java\org\apache\commons\lang3\function\FailableBooleanSupplier.java">
</file>
<file name="C:\Users\draj0.CHANDRIKAV\Downloads\commons-lang-master\commons-lang-master\src\main\java\org\apache\commons\lang3\function\FailableCallable.java">
</file>
<file name="C:\Users\draj0.CHANDRIKAV\Downloads\commons-lang-master\commons-lang-master\src\main\java\org\apache\commons\lang3\function\FailableConsumer.java">
</file>
<file name="C:\Users\draj0.CHANDRIKAV\Downloads\commons-lang-master\commons-lang-master\src\main\java\org\apache\commons\lang3\function\FailableDoubleBinaryOperator.java">
</file>
<file name="C:\Users\draj0.CHANDRIKAV\Downloads\commons-lang-master\commons-lang-master\src\main\java\org\apache\commons\lang3\function\FailableDoubleConsumer.java">
</file>
<file name="C:\Users\draj0.CHANDRIKAV\Downloads\commons-lang-master\commons-lang-master\src\main\java\org\apache\commons\lang3\function\FailableDoubleFunction.java">
</file>
<file name="C:\Users\draj0.CHANDRIKAV\Downloads\commons-lang-master\commons-lang-master\src\main\java\org\apache\commons\lang3\function\FailableDoublePredicate.java">
</file>
<file name="C:\Users\draj0.CHANDRIKAV\Downloads\commons-lang-master\commons-lang-master\src\main\java\org\apache\commons\lang3\function\FailableDoubleSupplier.java">
</file>
<file name="C:\Users\draj0.CHANDRIKAV\Downloads\commons-lang-master\commons-lang-master\src\main\java\org\apache\commons\lang3\function\FailableDoubleToIntFunction.java">
</file>
<file name="C:\Users\draj0.CHANDRIKAV\Downloads\commons-lang-master\commons-lang-master\src\main\java\org\apache\commons\lang3\function\FailableDoubleToLongFunction.java">
</file>
<file name="C:\Users\draj0.CHANDRIKAV\Downloads\commons-lang-master\commons-lang-master\src\main\java\org\apache\commons\lang3\function\FailableDoubleUnaryOperator.java">
</file>
<file name="C:\Users\draj0.CHANDRIKAV\Downloads\commons-lang-master\commons-lang-master\src\main\java\org\apache\commons\lang3\function\FailableFunction.java">
</file>
<file name="C:\Users\draj0.CHANDRIKAV\Downloads\commons-lang-master\commons-lang-master\src\main\java\org\apache\commons\lang3\function\FailableIntBinaryOperator.java">
</file>
<file name="C:\Users\draj0.CHANDRIKAV\Downloads\commons-lang-master\commons-lang-master\src\main\java\org\apache\commons\lang3\function\FailableIntConsumer.java">
</file>
<file name="C:\Users\draj0.CHANDRIKAV\Downloads\commons-lang-master\commons-lang-master\src\main\java\org\apache\commons\lang3\function\FailableIntFunction.java">
</file>
<file name="C:\Users\draj0.CHANDRIKAV\Downloads\commons-lang-master\commons-lang-master\src\main\java\org\apache\commons\lang3\function\FailableIntPredicate.java">
</file>
<file name="C:\Users\draj0.CHANDRIKAV\Downloads\commons-lang-master\commons-lang-master\src\main\java\org\apache\commons\lang3\function\FailableIntSupplier.java">
</file>
<file name="C:\Users\draj0.CHANDRIKAV\Downloads\commons-lang-master\commons-lang-master\src\main\java\org\apache\commons\lang3\function\FailableIntToDoubleFunction.java">
</file>
<file name="C:\Users\draj0.CHANDRIKAV\Downloads\commons-lang-master\commons-lang-master\src\main\java\org\apache\commons\lang3\function\FailableIntToLongFunction.java">
</file>
<file name="C:\Users\draj0.CHANDRIKAV\Downloads\commons-lang-master\commons-lang-master\src\main\java\org\apache\commons\lang3\function\FailableIntUnaryOperator.java">
</file>
<file name="C:\Users\draj0.CHANDRIKAV\Downloads\commons-lang-master\commons-lang-master\src\main\java\org\apache\commons\lang3\function\FailableLongBinaryOperator.java">
</file>
<file name="C:\Users\draj0.CHANDRIKAV\Downloads\commons-lang-master\commons-lang-master\src\main\java\org\apache\commons\lang3\function\FailableLongConsumer.java">
</file>
<file name="C:\Users\draj0.CHANDRIKAV\Downloads\commons-lang-master\commons-lang-master\src\main\java\org\apache\commons\lang3\function\FailableLongFunction.java">
</file>
<file name="C:\Users\draj0.CHANDRIKAV\Downloads\commons-lang-master\commons-lang-master\src\main\java\org\apache\commons\lang3\function\FailableLongPredicate.java">
</file>
<file name="C:\Users\draj0.CHANDRIKAV\Downloads\commons-lang-master\commons-lang-master\src\main\java\org\apache\commons\lang3\function\FailableLongSupplier.java">
</file>
<file name="C:\Users\draj0.CHANDRIKAV\Downloads\commons-lang-master\commons-lang-master\src\main\java\org\apache\commons\lang3\function\FailableLongToDoubleFunction.java">
</file>
<file name="C:\Users\draj0.CHANDRIKAV\Downloads\commons-lang-master\commons-lang-master\src\main\java\org\apache\commons\lang3\function\FailableLongToIntFunction.java">
</file>
<file name="C:\Users\draj0.CHANDRIKAV\Downloads\commons-lang-master\commons-lang-master\src\main\java\org\apache\commons\lang3\function\FailableLongUnaryOperator.java">
</file>
<file name="C:\Users\draj0.CHANDRIKAV\Downloads\commons-lang-master\commons-lang-master\src\main\java\org\apache\commons\lang3\function\FailableObjDoubleConsumer.java">
</file>
<file name="C:\Users\draj0.CHANDRIKAV\Downloads\commons-lang-master\commons-lang-master\src\main\java\org\apache\commons\lang3\function\FailableObjIntConsumer.java">
</file>
<file name="C:\Users\draj0.CHANDRIKAV\Downloads\commons-lang-master\commons-lang-master\src\main\java\org\apache\commons\lang3\function\FailableObjLongConsumer.java">
</file>
<file name="C:\Users\draj0.CHANDRIKAV\Downloads\commons-lang-master\commons-lang-master\src\main\java\org\apache\commons\lang3\function\FailablePredicate.java">
</file>
<file name="C:\Users\draj0.CHANDRIKAV\Downloads\commons-lang-master\commons-lang-master\src\main\java\org\apache\commons\lang3\function\FailableRunnable.java">
</file>
<file name="C:\Users\draj0.CHANDRIKAV\Downloads\commons-lang-master\commons-lang-master\src\main\java\org\apache\commons\lang3\function\FailableShortSupplier.java">
</file>
<file name="C:\Users\draj0.CHANDRIKAV\Downloads\commons-lang-master\commons-lang-master\src\main\java\org\apache\commons\lang3\function\FailableSupplier.java">
</file>
<file name="C:\Users\draj0.CHANDRIKAV\Downloads\commons-lang-master\commons-lang-master\src\main\java\org\apache\commons\lang3\function\FailableToDoubleBiFunction.java">
</file>
<file name="C:\Users\draj0.CHANDRIKAV\Downloads\commons-lang-master\commons-lang-master\src\main\java\org\apache\commons\lang3\function\FailableToDoubleFunction.java">
</file>
<file name="C:\Users\draj0.CHANDRIKAV\Downloads\commons-lang-master\commons-lang-master\src\main\java\org\apache\commons\lang3\function\FailableToIntBiFunction.java">
</file>
<file name="C:\Users\draj0.CHANDRIKAV\Downloads\commons-lang-master\commons-lang-master\src\main\java\org\apache\commons\lang3\function\FailableToIntFunction.java">
</file>
<file name="C:\Users\draj0.CHANDRIKAV\Downloads\commons-lang-master\commons-lang-master\src\main\java\org\apache\commons\lang3\function\FailableToLongBiFunction.java">
</file>
<file name="C:\Users\draj0.CHANDRIKAV\Downloads\commons-lang-master\commons-lang-master\src\main\java\org\apache\commons\lang3\function\FailableToLongFunction.java">
</file>
<file name="C:\Users\draj0.CHANDRIKAV\Downloads\commons-lang-master\commons-lang-master\src\main\java\org\apache\commons\lang3\function\IntToCharFunction.java">
</file>
<file name="C:\Users\draj0.CHANDRIKAV\Downloads\commons-lang-master\commons-lang-master\src\main\java\org\apache\commons\lang3\function\MethodInvokers.java">
</file>
<file name="C:\Users\draj0.CHANDRIKAV\Downloads\commons-lang-master\commons-lang-master\src\main\java\org\apache\commons\lang3\function\Suppliers.java">
</file>
<file name="C:\Users\draj0.CHANDRIKAV\Downloads\commons-lang-master\commons-lang-master\src\main\java\org\apache\commons\lang3\function\ToBooleanBiFunction.java">
</file>
<file name="C:\Users\draj0.CHANDRIKAV\Downloads\commons-lang-master\commons-lang-master\src\main\java\org\apache\commons\lang3\function\TriConsumer.java">
</file>
<file name="C:\Users\draj0.CHANDRIKAV\Downloads\commons-lang-master\commons-lang-master\src\main\java\org\apache\commons\lang3\function\TriFunction.java">
</file>
<file name="C:\Users\draj0.CHANDRIKAV\Downloads\commons-lang-master\commons-lang-master\src\main\java\org\apache\commons\lang3\function\package-info.java">
</file>
<file name="C:\Users\draj0.CHANDRIKAV\Downloads\commons-lang-master\commons-lang-master\src\main\java\org\apache\commons\lang3\math\Fraction.java">
</file>
<file name="C:\Users\draj0.CHANDRIKAV\Downloads\commons-lang-master\commons-lang-master\src\main\java\org\apache\commons\lang3\math\IEEE754rUtils.java">
</file>
<file name="C:\Users\draj0.CHANDRIKAV\Downloads\commons-lang-master\commons-lang-master\src\main\java\org\apache\commons\lang3\math\NumberUtils.java">
</file>
<file name="C:\Users\draj0.CHANDRIKAV\Downloads\commons-lang-master\commons-lang-master\src\main\java\org\apache\commons\lang3\math\package-info.java">
</file>
<file name="C:\Users\draj0.CHANDRIKAV\Downloads\commons-lang-master\commons-lang-master\src\main\java\org\apache\commons\lang3\mutable\Mutable.java">
</file>
<file name="C:\Users\draj0.CHANDRIKAV\Downloads\commons-lang-master\commons-lang-master\src\main\java\org\apache\commons\lang3\mutable\MutableBoolean.java">
</file>
<file name="C:\Users\draj0.CHANDRIKAV\Downloads\commons-lang-master\commons-lang-master\src\main\java\org\apache\commons\lang3\mutable\MutableByte.java">
</file>
<file name="C:\Users\draj0.CHANDRIKAV\Downloads\commons-lang-master\commons-lang-master\src\main\java\org\apache\commons\lang3\mutable\MutableDouble.java">
</file>
<file name="C:\Users\draj0.CHANDRIKAV\Downloads\commons-lang-master\commons-lang-master\src\main\java\org\apache\commons\lang3\mutable\MutableFloat.java">
</file>
<file name="C:\Users\draj0.CHANDRIKAV\Downloads\commons-lang-master\commons-lang-master\src\main\java\org\apache\commons\lang3\mutable\MutableInt.java">
</file>
<file name="C:\Users\draj0.CHANDRIKAV\Downloads\commons-lang-master\commons-lang-master\src\main\java\org\apache\commons\lang3\mutable\MutableLong.java">
</file>
<file name="C:\Users\draj0.CHANDRIKAV\Downloads\commons-lang-master\commons-lang-master\src\main\java\org\apache\commons\lang3\mutable\MutableObject.java">
</file>
<file name="C:\Users\draj0.CHANDRIKAV\Downloads\commons-lang-master\commons-lang-master\src\main\java\org\apache\commons\lang3\mutable\MutableShort.java">
</file>
<file name="C:\Users\draj0.CHANDRIKAV\Downloads\commons-lang-master\commons-lang-master\src\main\java\org\apache\commons\lang3\mutable\package-info.java">
</file>
<file name="C:\Users\draj0.CHANDRIKAV\Downloads\commons-lang-master\commons-lang-master\src\main\java\org\apache\commons\lang3\package-info.java">
</file>
<file name="C:\Users\draj0.CHANDRIKAV\Downloads\commons-lang-master\commons-lang-master\src\main\java\org\apache\commons\lang3\reflect\ConstructorUtils.java">
</file>
<file name="C:\Users\draj0.CHANDRIKAV\Downloads\commons-lang-master\commons-lang-master\src\main\java\org\apache\commons\lang3\reflect\FieldUtils.java">
</file>
<file name="C:\Users\draj0.CHANDRIKAV\Downloads\commons-lang-master\commons-lang-master\src\main\java\org\apache\commons\lang3\reflect\InheritanceUtils.java">
</file>
<file name="C:\Users\draj0.CHANDRIKAV\Downloads\commons-lang-master\commons-lang-master\src\main\java\org\apache\commons\lang3\reflect\MemberUtils.java">
</file>
<file name="C:\Users\draj0.CHANDRIKAV\Downloads\commons-lang-master\commons-lang-master\src\main\java\org\apache\commons\lang3\reflect\MethodUtils.java">
</file>
<file name="C:\Users\draj0.CHANDRIKAV\Downloads\commons-lang-master\commons-lang-master\src\main\java\org\apache\commons\lang3\reflect\TypeLiteral.java">
</file>
<file name="C:\Users\draj0.CHANDRIKAV\Downloads\commons-lang-master\commons-lang-master\src\main\java\org\apache\commons\lang3\reflect\TypeUtils.java">
</file>
<file name="C:\Users\draj0.CHANDRIKAV\Downloads\commons-lang-master\commons-lang-master\src\main\java\org\apache\commons\lang3\reflect\Typed.java">
</file>
<file name="C:\Users\draj0.CHANDRIKAV\Downloads\commons-lang-master\commons-lang-master\src\main\java\org\apache\commons\lang3\reflect\package-info.java">
</file>
<file name="C:\Users\draj0.CHANDRIKAV\Downloads\commons-lang-master\commons-lang-master\src\main\java\org\apache\commons\lang3\stream\IntStreams.java">
</file>
<file name="C:\Users\draj0.CHANDRIKAV\Downloads\commons-lang-master\commons-lang-master\src\main\java\org\apache\commons\lang3\stream\LangCollectors.java">
</file>
<file name="C:\Users\draj0.CHANDRIKAV\Downloads\commons-lang-master\commons-lang-master\src\main\java\org\apache\commons\lang3\stream\Streams.java">
</file>
<file name="C:\Users\draj0.CHANDRIKAV\Downloads\commons-lang-master\commons-lang-master\src\main\java\org\apache\commons\lang3\stream\package-info.java">
</file>
<file name="C:\Users\draj0.CHANDRIKAV\Downloads\commons-lang-master\commons-lang-master\src\main\java\org\apache\commons\lang3\text\CompositeFormat.java">
</file>
<file name="C:\Users\draj0.CHANDRIKAV\Downloads\commons-lang-master\commons-lang-master\src\main\java\org\apache\commons\lang3\text\ExtendedMessageFormat.java">
</file>
<file name="C:\Users\draj0.CHANDRIKAV\Downloads\commons-lang-master\commons-lang-master\src\main\java\org\apache\commons\lang3\text\FormatFactory.java">
</file>
<file name="C:\Users\draj0.CHANDRIKAV\Downloads\commons-lang-master\commons-lang-master\src\main\java\org\apache\commons\lang3\text\FormattableUtils.java">
</file>
<file name="C:\Users\draj0.CHANDRIKAV\Downloads\commons-lang-master\commons-lang-master\src\main\java\org\apache\commons\lang3\text\StrBuilder.java">
</file>
<file name="C:\Users\draj0.CHANDRIKAV\Downloads\commons-lang-master\commons-lang-master\src\main\java\org\apache\commons\lang3\text\StrLookup.java">
</file>
<file name="C:\Users\draj0.CHANDRIKAV\Downloads\commons-lang-master\commons-lang-master\src\main\java\org\apache\commons\lang3\text\StrMatcher.java">
</file>
<file name="C:\Users\draj0.CHANDRIKAV\Downloads\commons-lang-master\commons-lang-master\src\main\java\org\apache\commons\lang3\text\StrSubstitutor.java">
</file>
<file name="C:\Users\draj0.CHANDRIKAV\Downloads\commons-lang-master\commons-lang-master\src\main\java\org\apache\commons\lang3\text\StrTokenizer.java">
</file>
<file name="C:\Users\draj0.CHANDRIKAV\Downloads\commons-lang-master\commons-lang-master\src\main\java\org\apache\commons\lang3\text\WordUtils.java">
</file>
<file name="C:\Users\draj0.CHANDRIKAV\Downloads\commons-lang-master\commons-lang-master\src\main\java\org\apache\commons\lang3\text\package-info.java">
</file>
<file name="C:\Users\draj0.CHANDRIKAV\Downloads\commons-lang-master\commons-lang-master\src\main\java\org\apache\commons\lang3\text\translate\AggregateTranslator.java">
</file>
<file name="C:\Users\draj0.CHANDRIKAV\Downloads\commons-lang-master\commons-lang-master\src\main\java\org\apache\commons\lang3\text\translate\CharSequenceTranslator.java">
</file>
<file name="C:\Users\draj0.CHANDRIKAV\Downloads\commons-lang-master\commons-lang-master\src\main\java\org\apache\commons\lang3\text\translate\CodePointTranslator.java">
</file>
<file name="C:\Users\draj0.CHANDRIKAV\Downloads\commons-lang-master\commons-lang-master\src\main\java\org\apache\commons\lang3\text\translate\EntityArrays.java">
</file>
<file name="C:\Users\draj0.CHANDRIKAV\Downloads\commons-lang-master\commons-lang-master\src\main\java\org\apache\commons\lang3\text\translate\JavaUnicodeEscaper.java">
</file>
<file name="C:\Users\draj0.CHANDRIKAV\Downloads\commons-lang-master\commons-lang-master\src\main\java\org\apache\commons\lang3\text\translate\LookupTranslator.java">
</file>
<file name="C:\Users\draj0.CHANDRIKAV\Downloads\commons-lang-master\commons-lang-master\src\main\java\org\apache\commons\lang3\text\translate\NumericEntityEscaper.java">
</file>
<file name="C:\Users\draj0.CHANDRIKAV\Downloads\commons-lang-master\commons-lang-master\src\main\java\org\apache\commons\lang3\text\translate\NumericEntityUnescaper.java">
</file>
<file name="C:\Users\draj0.CHANDRIKAV\Downloads\commons-lang-master\commons-lang-master\src\main\java\org\apache\commons\lang3\text\translate\OctalUnescaper.java">
</file>
<file name="C:\Users\draj0.CHANDRIKAV\Downloads\commons-lang-master\commons-lang-master\src\main\java\org\apache\commons\lang3\text\translate\UnicodeEscaper.java">
</file>
<file name="C:\Users\draj0.CHANDRIKAV\Downloads\commons-lang-master\commons-lang-master\src\main\java\org\apache\commons\lang3\text\translate\UnicodeUnescaper.java">
</file>
<file name="C:\Users\draj0.CHANDRIKAV\Downloads\commons-lang-master\commons-lang-master\src\main\java\org\apache\commons\lang3\text\translate\UnicodeUnpairedSurrogateRemover.java">
</file>
<file name="C:\Users\draj0.CHANDRIKAV\Downloads\commons-lang-master\commons-lang-master\src\main\java\org\apache\commons\lang3\text\translate\package-info.java">
</file>
<file name="C:\Users\draj0.CHANDRIKAV\Downloads\commons-lang-master\commons-lang-master\src\main\java\org\apache\commons\lang3\time\CalendarUtils.java">
</file>
<file name="C:\Users\draj0.CHANDRIKAV\Downloads\commons-lang-master\commons-lang-master\src\main\java\org\apache\commons\lang3\time\DateFormatUtils.java">
</file>
<file name="C:\Users\draj0.CHANDRIKAV\Downloads\commons-lang-master\commons-lang-master\src\main\java\org\apache\commons\lang3\time\DateParser.java">
</file>
<file name="C:\Users\draj0.CHANDRIKAV\Downloads\commons-lang-master\commons-lang-master\src\main\java\org\apache\commons\lang3\time\DatePrinter.java">
</file>
<file name="C:\Users\draj0.CHANDRIKAV\Downloads\commons-lang-master\commons-lang-master\src\main\java\org\apache\commons\lang3\time\DateUtils.java">
</file>
<file name="C:\Users\draj0.CHANDRIKAV\Downloads\commons-lang-master\commons-lang-master\src\main\java\org\apache\commons\lang3\time\DurationFormatUtils.java">
</file>
<file name="C:\Users\draj0.CHANDRIKAV\Downloads\commons-lang-master\commons-lang-master\src\main\java\org\apache\commons\lang3\time\DurationUtils.java">
</file>
<file name="C:\Users\draj0.CHANDRIKAV\Downloads\commons-lang-master\commons-lang-master\src\main\java\org\apache\commons\lang3\time\FastDateFormat.java">
</file>
<file name="C:\Users\draj0.CHANDRIKAV\Downloads\commons-lang-master\commons-lang-master\src\main\java\org\apache\commons\lang3\time\FastDateParser.java">
</file>
<file name="C:\Users\draj0.CHANDRIKAV\Downloads\commons-lang-master\commons-lang-master\src\main\java\org\apache\commons\lang3\time\FastDatePrinter.java">
</file>
<file name="C:\Users\draj0.CHANDRIKAV\Downloads\commons-lang-master\commons-lang-master\src\main\java\org\apache\commons\lang3\time\FastTimeZone.java">
</file>
<file name="C:\Users\draj0.CHANDRIKAV\Downloads\commons-lang-master\commons-lang-master\src\main\java\org\apache\commons\lang3\time\FormatCache.java">
</file>
<file name="C:\Users\draj0.CHANDRIKAV\Downloads\commons-lang-master\commons-lang-master\src\main\java\org\apache\commons\lang3\time\GmtTimeZone.java">
</file>
<file name="C:\Users\draj0.CHANDRIKAV\Downloads\commons-lang-master\commons-lang-master\src\main\java\org\apache\commons\lang3\time\StopWatch.java">
</file>
<file name="C:\Users\draj0.CHANDRIKAV\Downloads\commons-lang-master\commons-lang-master\src\main\java\org\apache\commons\lang3\time\TimeZones.java">
</file>
<file name="C:\Users\draj0.CHANDRIKAV\Downloads\commons-lang-master\commons-lang-master\src\main\java\org\apache\commons\lang3\time\package-info.java">
</file>
<file name="C:\Users\draj0.CHANDRIKAV\Downloads\commons-lang-master\commons-lang-master\src\main\java\org\apache\commons\lang3\tuple\ImmutablePair.java">
</file>
<file name="C:\Users\draj0.CHANDRIKAV\Downloads\commons-lang-master\commons-lang-master\src\main\java\org\apache\commons\lang3\tuple\ImmutableTriple.java">
</file>
<file name="C:\Users\draj0.CHANDRIKAV\Downloads\commons-lang-master\commons-lang-master\src\main\java\org\apache\commons\lang3\tuple\MutablePair.java">
</file>
<file name="C:\Users\draj0.CHANDRIKAV\Downloads\commons-lang-master\commons-lang-master\src\main\java\org\apache\commons\lang3\tuple\MutableTriple.java">
</file>
<file name="C:\Users\draj0.CHANDRIKAV\Downloads\commons-lang-master\commons-lang-master\src\main\java\org\apache\commons\lang3\tuple\Pair.java">
</file>
<file name="C:\Users\draj0.CHANDRIKAV\Downloads\commons-lang-master\commons-lang-master\src\main\java\org\apache\commons\lang3\tuple\Triple.java">
</file>
<file name="C:\Users\draj0.CHANDRIKAV\Downloads\commons-lang-master\commons-lang-master\src\main\java\org\apache\commons\lang3\tuple\package-info.java">
</file>
<file name="C:\Users\draj0.CHANDRIKAV\Downloads\commons-lang-master\commons-lang-master\src\main\java\org\apache\commons\lang3\util\FluentBitSet.java">
</file>
<file name="C:\Users\draj0.CHANDRIKAV\Downloads\commons-lang-master\commons-lang-master\src\main\java\org\apache\commons\lang3\util\package-info.java">
</file>
<file name="C:\Users\draj0.CHANDRIKAV\Downloads\commons-lang-master\commons-lang-master\src\test\java\org\apache\commons\lang3\AbstractLangTest.java">
</file>
<file name="C:\Users\draj0.CHANDRIKAV\Downloads\commons-lang-master\commons-lang-master\src\test\java\org\apache\commons\lang3\AnnotationUtilsTest.java">
</file>
<file name="C:\Users\draj0.CHANDRIKAV\Downloads\commons-lang-master\commons-lang-master\src\test\java\org\apache\commons\lang3\ArchUtilsTest.java">
</file>
<file name="C:\Users\draj0.CHANDRIKAV\Downloads\commons-lang-master\commons-lang-master\src\test\java\org\apache\commons\lang3\ArraySorterTest.java">
</file>
<file name="C:\Users\draj0.CHANDRIKAV\Downloads\commons-lang-master\commons-lang-master\src\test\java\org\apache\commons\lang3\ArrayUtilsAddTest.java">
</file>
<file name="C:\Users\draj0.CHANDRIKAV\Downloads\commons-lang-master\commons-lang-master\src\test\java\org\apache\commons\lang3\ArrayUtilsInsertTest.java">
</file>
<file name="C:\Users\draj0.CHANDRIKAV\Downloads\commons-lang-master\commons-lang-master\src\test\java\org\apache\commons\lang3\ArrayUtilsRemoveMultipleTest.java">
</file>
<file name="C:\Users\draj0.CHANDRIKAV\Downloads\commons-lang-master\commons-lang-master\src\test\java\org\apache\commons\lang3\ArrayUtilsRemoveTest.java">
</file>
<file name="C:\Users\draj0.CHANDRIKAV\Downloads\commons-lang-master\commons-lang-master\src\test\java\org\apache\commons\lang3\ArrayUtilsSetTest.java">
</file>
<file name="C:\Users\draj0.CHANDRIKAV\Downloads\commons-lang-master\commons-lang-master\src\test\java\org\apache\commons\lang3\ArrayUtilsTest.java">
</file>
<file name="C:\Users\draj0.CHANDRIKAV\Downloads\commons-lang-master\commons-lang-master\src\test\java\org\apache\commons\lang3\BitFieldTest.java">
</file>
<file name="C:\Users\draj0.CHANDRIKAV\Downloads\commons-lang-master\commons-lang-master\src\test\java\org\apache\commons\lang3\BooleanUtilsTest.java">
</file>
<file name="C:\Users\draj0.CHANDRIKAV\Downloads\commons-lang-master\commons-lang-master\src\test\java\org\apache\commons\lang3\CharEncodingTest.java">
</file>
<file name="C:\Users\draj0.CHANDRIKAV\Downloads\commons-lang-master\commons-lang-master\src\test\java\org\apache\commons\lang3\CharRangeTest.java">
</file>
<file name="C:\Users\draj0.CHANDRIKAV\Downloads\commons-lang-master\commons-lang-master\src\test\java\org\apache\commons\lang3\CharSequenceUtilsTest.java">
</file>
<file name="C:\Users\draj0.CHANDRIKAV\Downloads\commons-lang-master\commons-lang-master\src\test\java\org\apache\commons\lang3\CharSetTest.java">
</file>
<file name="C:\Users\draj0.CHANDRIKAV\Downloads\commons-lang-master\commons-lang-master\src\test\java\org\apache\commons\lang3\CharSetUtilsTest.java">
</file>
<file name="C:\Users\draj0.CHANDRIKAV\Downloads\commons-lang-master\commons-lang-master\src\test\java\org\apache\commons\lang3\CharUtilsPerfRun.java">
</file>
<file name="C:\Users\draj0.CHANDRIKAV\Downloads\commons-lang-master\commons-lang-master\src\test\java\org\apache\commons\lang3\CharUtilsTest.java">
</file>
<file name="C:\Users\draj0.CHANDRIKAV\Downloads\commons-lang-master\commons-lang-master\src\test\java\org\apache\commons\lang3\CharsetsTest.java">
</file>
<file name="C:\Users\draj0.CHANDRIKAV\Downloads\commons-lang-master\commons-lang-master\src\test\java\org\apache\commons\lang3\ClassLoaderUtilsTest.java">
</file>
<file name="C:\Users\draj0.CHANDRIKAV\Downloads\commons-lang-master\commons-lang-master\src\test\java\org\apache\commons\lang3\ClassPathUtilsTest.java">
</file>
<file name="C:\Users\draj0.CHANDRIKAV\Downloads\commons-lang-master\commons-lang-master\src\test\java\org\apache\commons\lang3\ClassUtilsTest.java">
</file>
<file name="C:\Users\draj0.CHANDRIKAV\Downloads\commons-lang-master\commons-lang-master\src\test\java\org\apache\commons\lang3\ConversionTest.java">
</file>
<file name="C:\Users\draj0.CHANDRIKAV\Downloads\commons-lang-master\commons-lang-master\src\test\java\org\apache\commons\lang3\DoubleRangeTest.java">
</file>
<file name="C:\Users\draj0.CHANDRIKAV\Downloads\commons-lang-master\commons-lang-master\src\test\java\org\apache\commons\lang3\EnumUtilsTest.java">
</file>
<file name="C:\Users\draj0.CHANDRIKAV\Downloads\commons-lang-master\commons-lang-master\src\test\java\org\apache\commons\lang3\FunctionsTest.java">
</file>
<file name="C:\Users\draj0.CHANDRIKAV\Downloads\commons-lang-master\commons-lang-master\src\test\java\org\apache\commons\lang3\HashSetvBitSetTest.java">
</file>
<file name="C:\Users\draj0.CHANDRIKAV\Downloads\commons-lang-master\commons-lang-master\src\test\java\org\apache\commons\lang3\IntegerRangeTest.java">
</file>
<file name="C:\Users\draj0.CHANDRIKAV\Downloads\commons-lang-master\commons-lang-master\src\test\java\org\apache\commons\lang3\JavaVersionTest.java">
</file>
<file name="C:\Users\draj0.CHANDRIKAV\Downloads\commons-lang-master\commons-lang-master\src\test\java\org\apache\commons\lang3\LocaleUtilsTest.java">
</file>
<file name="C:\Users\draj0.CHANDRIKAV\Downloads\commons-lang-master\commons-lang-master\src\test\java\org\apache\commons\lang3\LongRangeTest.java">
</file>
<file name="C:\Users\draj0.CHANDRIKAV\Downloads\commons-lang-master\commons-lang-master\src\test\java\org\apache\commons\lang3\NotImplementedExceptionTest.java">
</file>
<file name="C:\Users\draj0.CHANDRIKAV\Downloads\commons-lang-master\commons-lang-master\src\test\java\org\apache\commons\lang3\ObjectUtilsTest.java">
</file>
<file name="C:\Users\draj0.CHANDRIKAV\Downloads\commons-lang-master\commons-lang-master\src\test\java\org\apache\commons\lang3\RandomStringUtilsTest.java">
</file>
<file name="C:\Users\draj0.CHANDRIKAV\Downloads\commons-lang-master\commons-lang-master\src\test\java\org\apache\commons\lang3\RandomUtilsTest.java">
</file>
<file name="C:\Users\draj0.CHANDRIKAV\Downloads\commons-lang-master\commons-lang-master\src\test\java\org\apache\commons\lang3\RangeTest.java">
</file>
<file name="C:\Users\draj0.CHANDRIKAV\Downloads\commons-lang-master\commons-lang-master\src\test\java\org\apache\commons\lang3\RegExUtilsTest.java">
</file>
<file name="C:\Users\draj0.CHANDRIKAV\Downloads\commons-lang-master\commons-lang-master\src\test\java\org\apache\commons\lang3\SerializationUtilsTest.java">
</file>
<file name="C:\Users\draj0.CHANDRIKAV\Downloads\commons-lang-master\commons-lang-master\src\test\java\org\apache\commons\lang3\StreamsTest.java">
</file>
<file name="C:\Users\draj0.CHANDRIKAV\Downloads\commons-lang-master\commons-lang-master\src\test\java\org\apache\commons\lang3\StringEscapeUtilsTest.java">
</file>
<file name="C:\Users\draj0.CHANDRIKAV\Downloads\commons-lang-master\commons-lang-master\src\test\java\org\apache\commons\lang3\StringUtilsContainsTest.java">
</file>
<file name="C:\Users\draj0.CHANDRIKAV\Downloads\commons-lang-master\commons-lang-master\src\test\java\org\apache\commons\lang3\StringUtilsEmptyBlankTest.java">
</file>
<file name="C:\Users\draj0.CHANDRIKAV\Downloads\commons-lang-master\commons-lang-master\src\test\java\org\apache\commons\lang3\StringUtilsEqualsIndexOfTest.java">
</file>
<file name="C:\Users\draj0.CHANDRIKAV\Downloads\commons-lang-master\commons-lang-master\src\test\java\org\apache\commons\lang3\StringUtilsIsTest.java">
</file>
<file name="C:\Users\draj0.CHANDRIKAV\Downloads\commons-lang-master\commons-lang-master\src\test\java\org\apache\commons\lang3\StringUtilsStartsEndsWithTest.java">
</file>
<file name="C:\Users\draj0.CHANDRIKAV\Downloads\commons-lang-master\commons-lang-master\src\test\java\org\apache\commons\lang3\StringUtilsSubstringTest.java">
</file>
<file name="C:\Users\draj0.CHANDRIKAV\Downloads\commons-lang-master\commons-lang-master\src\test\java\org\apache\commons\lang3\StringUtilsTest.java">
</file>
<file name="C:\Users\draj0.CHANDRIKAV\Downloads\commons-lang-master\commons-lang-master\src\test\java\org\apache\commons\lang3\StringUtilsTrimStripTest.java">
</file>
<file name="C:\Users\draj0.CHANDRIKAV\Downloads\commons-lang-master\commons-lang-master\src\test\java\org\apache\commons\lang3\StringUtilsValueOfTest.java">
</file>
<file name="C:\Users\draj0.CHANDRIKAV\Downloads\commons-lang-master\commons-lang-master\src\test\java\org\apache\commons\lang3\Supplementary.java">
</file>
<file name="C:\Users\draj0.CHANDRIKAV\Downloads\commons-lang-master\commons-lang-master\src\test\java\org\apache\commons\lang3\SystemPropertiesTest.java">
</file>
<file name="C:\Users\draj0.CHANDRIKAV\Downloads\commons-lang-master\commons-lang-master\src\test\java\org\apache\commons\lang3\SystemUtilsTest.java">
</file>
<file name="C:\Users\draj0.CHANDRIKAV\Downloads\commons-lang-master\commons-lang-master\src\test\java\org\apache\commons\lang3\ThreadUtilsTest.java">
</file>
<file name="C:\Users\draj0.CHANDRIKAV\Downloads\commons-lang-master\commons-lang-master\src\test\java\org\apache\commons\lang3\ValidateTest.java">
</file>
<file name="C:\Users\draj0.CHANDRIKAV\Downloads\commons-lang-master\commons-lang-master\src\test\java\org\apache\commons\lang3\builder\CompareToBuilderTest.java">
</file>
<file name="C:\Users\draj0.CHANDRIKAV\Downloads\commons-lang-master\commons-lang-master\src\test\java\org\apache\commons\lang3\builder\DefaultToStringStyleTest.java">
</file>
<file name="C:\Users\draj0.CHANDRIKAV\Downloads\commons-lang-master\commons-lang-master\src\test\java\org\apache\commons\lang3\builder\DiffBuilderTest.java">
</file>
<file name="C:\Users\draj0.CHANDRIKAV\Downloads\commons-lang-master\commons-lang-master\src\test\java\org\apache\commons\lang3\builder\DiffResultTest.java">
</file>
<file name="C:\Users\draj0.CHANDRIKAV\Downloads\commons-lang-master\commons-lang-master\src\test\java\org\apache\commons\lang3\builder\DiffTest.java">
</file>
<file name="C:\Users\draj0.CHANDRIKAV\Downloads\commons-lang-master\commons-lang-master\src\test\java\org\apache\commons\lang3\builder\EqualsBuilderTest.java">
</file>
<file name="C:\Users\draj0.CHANDRIKAV\Downloads\commons-lang-master\commons-lang-master\src\test\java\org\apache\commons\lang3\builder\HashCodeBuilderAndEqualsBuilderTest.java">
</file>
<file name="C:\Users\draj0.CHANDRIKAV\Downloads\commons-lang-master\commons-lang-master\src\test\java\org\apache\commons\lang3\builder\HashCodeBuilderTest.java">
</file>
<file name="C:\Users\draj0.CHANDRIKAV\Downloads\commons-lang-master\commons-lang-master\src\test\java\org\apache\commons\lang3\builder\JsonToStringStyleTest.java">
</file>
<file name="C:\Users\draj0.CHANDRIKAV\Downloads\commons-lang-master\commons-lang-master\src\test\java\org\apache\commons\lang3\builder\MultiLineToStringStyleTest.java">
</file>
<file name="C:\Users\draj0.CHANDRIKAV\Downloads\commons-lang-master\commons-lang-master\src\test\java\org\apache\commons\lang3\builder\MultilineRecursiveToStringStyleTest.java">
</file>
<file name="C:\Users\draj0.CHANDRIKAV\Downloads\commons-lang-master\commons-lang-master\src\test\java\org\apache\commons\lang3\builder\NoClassNameToStringStyleTest.java">
</file>
<file name="C:\Users\draj0.CHANDRIKAV\Downloads\commons-lang-master\commons-lang-master\src\test\java\org\apache\commons\lang3\builder\NoFieldNamesToStringStyleTest.java">
</file>
<file name="C:\Users\draj0.CHANDRIKAV\Downloads\commons-lang-master\commons-lang-master\src\test\java\org\apache\commons\lang3\builder\RecursiveToStringStyleTest.java">
</file>
<file name="C:\Users\draj0.CHANDRIKAV\Downloads\commons-lang-master\commons-lang-master\src\test\java\org\apache\commons\lang3\builder\ReflectionDiffBuilderTest.java">
</file>
<file name="C:\Users\draj0.CHANDRIKAV\Downloads\commons-lang-master\commons-lang-master\src\test\java\org\apache\commons\lang3\builder\ReflectionToStringBuilderConcurrencyTest.java">
</file>
<file name="C:\Users\draj0.CHANDRIKAV\Downloads\commons-lang-master\commons-lang-master\src\test\java\org\apache\commons\lang3\builder\ReflectionToStringBuilderExcludeNullValuesTest.java">
</file>
<file name="C:\Users\draj0.CHANDRIKAV\Downloads\commons-lang-master\commons-lang-master\src\test\java\org\apache\commons\lang3\builder\ReflectionToStringBuilderExcludeTest.java">
</file>
<file name="C:\Users\draj0.CHANDRIKAV\Downloads\commons-lang-master\commons-lang-master\src\test\java\org\apache\commons\lang3\builder\ReflectionToStringBuilderExcludeWithAnnotationTest.java">
</file>
<file name="C:\Users\draj0.CHANDRIKAV\Downloads\commons-lang-master\commons-lang-master\src\test\java\org\apache\commons\lang3\builder\ReflectionToStringBuilderIncludeTest.java">
</file>
<file name="C:\Users\draj0.CHANDRIKAV\Downloads\commons-lang-master\commons-lang-master\src\test\java\org\apache\commons\lang3\builder\ReflectionToStringBuilderMutateInspectConcurrencyTest.java">
</file>
<file name="C:\Users\draj0.CHANDRIKAV\Downloads\commons-lang-master\commons-lang-master\src\test\java\org\apache\commons\lang3\builder\ReflectionToStringBuilderSummaryTest.java">
</file>
<file name="C:\Users\draj0.CHANDRIKAV\Downloads\commons-lang-master\commons-lang-master\src\test\java\org\apache\commons\lang3\builder\ReflectionToStringBuilderTest.java">
</file>
<file name="C:\Users\draj0.CHANDRIKAV\Downloads\commons-lang-master\commons-lang-master\src\test\java\org\apache\commons\lang3\builder\ShortPrefixToStringStyleTest.java">
</file>
<file name="C:\Users\draj0.CHANDRIKAV\Downloads\commons-lang-master\commons-lang-master\src\test\java\org\apache\commons\lang3\builder\SimpleToStringStyleTest.java">
</file>
<file name="C:\Users\draj0.CHANDRIKAV\Downloads\commons-lang-master\commons-lang-master\src\test\java\org\apache\commons\lang3\builder\StandardToStringStyleTest.java">
</file>
<file name="C:\Users\draj0.CHANDRIKAV\Downloads\commons-lang-master\commons-lang-master\src\test\java\org\apache\commons\lang3\builder\ToStringBuilderTest.java">
</file>
<file name="C:\Users\draj0.CHANDRIKAV\Downloads\commons-lang-master\commons-lang-master\src\test\java\org\apache\commons\lang3\builder\ToStringStyleConcurrencyTest.java">
</file>
<file name="C:\Users\draj0.CHANDRIKAV\Downloads\commons-lang-master\commons-lang-master\src\test\java\org\apache\commons\lang3\builder\ToStringStyleTest.java">
</file>
<file name="C:\Users\draj0.CHANDRIKAV\Downloads\commons-lang-master\commons-lang-master\src\test\java\org\apache\commons\lang3\compare\ComparableUtilsTest.java">
</file>
<file name="C:\Users\draj0.CHANDRIKAV\Downloads\commons-lang-master\commons-lang-master\src\test\java\org\apache\commons\lang3\compare\ObjectToStringComparatorTest.java">
</file>
<file name="C:\Users\draj0.CHANDRIKAV\Downloads\commons-lang-master\commons-lang-master\src\test\java\org\apache\commons\lang3\concurrent\AbstractConcurrentInitializerTest.java">
</file>
<file name="C:\Users\draj0.CHANDRIKAV\Downloads\commons-lang-master\commons-lang-master\src\test\java\org\apache\commons\lang3\concurrent\AtomicInitializerTest.java">
</file>
<file name="C:\Users\draj0.CHANDRIKAV\Downloads\commons-lang-master\commons-lang-master\src\test\java\org\apache\commons\lang3\concurrent\AtomicSafeInitializerTest.java">
</file>
<file name="C:\Users\draj0.CHANDRIKAV\Downloads\commons-lang-master\commons-lang-master\src\test\java\org\apache\commons\lang3\concurrent\BackgroundInitializerTest.java">
</file>
<file name="C:\Users\draj0.CHANDRIKAV\Downloads\commons-lang-master\commons-lang-master\src\test\java\org\apache\commons\lang3\concurrent\BasicThreadFactoryTest.java">
</file>
<file name="C:\Users\draj0.CHANDRIKAV\Downloads\commons-lang-master\commons-lang-master\src\test\java\org\apache\commons\lang3\concurrent\CallableBackgroundInitializerTest.java">
</file>
<file name="C:\Users\draj0.CHANDRIKAV\Downloads\commons-lang-master\commons-lang-master\src\test\java\org\apache\commons\lang3\concurrent\CircuitBreakingExceptionTest.java">
</file>
<file name="C:\Users\draj0.CHANDRIKAV\Downloads\commons-lang-master\commons-lang-master\src\test\java\org\apache\commons\lang3\concurrent\ConcurrentUtilsTest.java">
</file>
<file name="C:\Users\draj0.CHANDRIKAV\Downloads\commons-lang-master\commons-lang-master\src\test\java\org\apache\commons\lang3\concurrent\ConstantInitializerTest.java">
</file>
<file name="C:\Users\draj0.CHANDRIKAV\Downloads\commons-lang-master\commons-lang-master\src\test\java\org\apache\commons\lang3\concurrent\EventCountCircuitBreakerTest.java">
</file>
<file name="C:\Users\draj0.CHANDRIKAV\Downloads\commons-lang-master\commons-lang-master\src\test\java\org\apache\commons\lang3\concurrent\FutureTasksTest.java">
</file>
<file name="C:\Users\draj0.CHANDRIKAV\Downloads\commons-lang-master\commons-lang-master\src\test\java\org\apache\commons\lang3\concurrent\LazyInitializerTest.java">
</file>
<file name="C:\Users\draj0.CHANDRIKAV\Downloads\commons-lang-master\commons-lang-master\src\test\java\org\apache\commons\lang3\concurrent\MemoizerComputableTest.java">
</file>
<file name="C:\Users\draj0.CHANDRIKAV\Downloads\commons-lang-master\commons-lang-master\src\test\java\org\apache\commons\lang3\concurrent\MemoizerFunctionTest.java">
</file>
<file name="C:\Users\draj0.CHANDRIKAV\Downloads\commons-lang-master\commons-lang-master\src\test\java\org\apache\commons\lang3\concurrent\MultiBackgroundInitializerTest.java">
</file>
<file name="C:\Users\draj0.CHANDRIKAV\Downloads\commons-lang-master\commons-lang-master\src\test\java\org\apache\commons\lang3\concurrent\ThresholdCircuitBreakerTest.java">
</file>
<file name="C:\Users\draj0.CHANDRIKAV\Downloads\commons-lang-master\commons-lang-master\src\test\java\org\apache\commons\lang3\concurrent\TimedSemaphoreTest.java">
</file>
<file name="C:\Users\draj0.CHANDRIKAV\Downloads\commons-lang-master\commons-lang-master\src\test\java\org\apache\commons\lang3\concurrent\UncheckedExecutionExceptionTest.java">
</file>
<file name="C:\Users\draj0.CHANDRIKAV\Downloads\commons-lang-master\commons-lang-master\src\test\java\org\apache\commons\lang3\concurrent\UncheckedFutureTest.java">
</file>
<file name="C:\Users\draj0.CHANDRIKAV\Downloads\commons-lang-master\commons-lang-master\src\test\java\org\apache\commons\lang3\concurrent\UncheckedTimeoutExceptionTest.java">
</file>
<file name="C:\Users\draj0.CHANDRIKAV\Downloads\commons-lang-master\commons-lang-master\src\test\java\org\apache\commons\lang3\concurrent\locks\LockingVisitorsTest.java">
</file>
<file name="C:\Users\draj0.CHANDRIKAV\Downloads\commons-lang-master\commons-lang-master\src\test\java\org\apache\commons\lang3\event\EventListenerSupportTest.java">
</file>
<file name="C:\Users\draj0.CHANDRIKAV\Downloads\commons-lang-master\commons-lang-master\src\test\java\org\apache\commons\lang3\event\EventUtilsTest.java">
</file>
<file name="C:\Users\draj0.CHANDRIKAV\Downloads\commons-lang-master\commons-lang-master\src\test\java\org\apache\commons\lang3\exception\AbstractExceptionContextTest.java">
</file>
<file name="C:\Users\draj0.CHANDRIKAV\Downloads\commons-lang-master\commons-lang-master\src\test\java\org\apache\commons\lang3\exception\AbstractExceptionTest.java">
</file>
<file name="C:\Users\draj0.CHANDRIKAV\Downloads\commons-lang-master\commons-lang-master\src\test\java\org\apache\commons\lang3\exception\CloneFailedExceptionTest.java">
</file>
<file name="C:\Users\draj0.CHANDRIKAV\Downloads\commons-lang-master\commons-lang-master\src\test\java\org\apache\commons\lang3\exception\ContextedExceptionTest.java">
</file>
<file name="C:\Users\draj0.CHANDRIKAV\Downloads\commons-lang-master\commons-lang-master\src\test\java\org\apache\commons\lang3\exception\ContextedRuntimeExceptionTest.java">
</file>
<file name="C:\Users\draj0.CHANDRIKAV\Downloads\commons-lang-master\commons-lang-master\src\test\java\org\apache\commons\lang3\exception\CustomCheckedException.java">
</file>
<file name="C:\Users\draj0.CHANDRIKAV\Downloads\commons-lang-master\commons-lang-master\src\test\java\org\apache\commons\lang3\exception\CustomUncheckedException.java">
</file>
<file name="C:\Users\draj0.CHANDRIKAV\Downloads\commons-lang-master\commons-lang-master\src\test\java\org\apache\commons\lang3\exception\DefaultExceptionContextTest.java">
</file>
<file name="C:\Users\draj0.CHANDRIKAV\Downloads\commons-lang-master\commons-lang-master\src\test\java\org\apache\commons\lang3\exception\ExceptionUtilsTest.java">
</file>
<file name="C:\Users\draj0.CHANDRIKAV\Downloads\commons-lang-master\commons-lang-master\src\test\java\org\apache\commons\lang3\exception\UncheckedExceptionTest.java">
</file>
<file name="C:\Users\draj0.CHANDRIKAV\Downloads\commons-lang-master\commons-lang-master\src\test\java\org\apache\commons\lang3\exception\UncheckedIllegalAccessExceptionTest.java">
</file>
<file name="C:\Users\draj0.CHANDRIKAV\Downloads\commons-lang-master\commons-lang-master\src\test\java\org\apache\commons\lang3\exception\UncheckedInterruptedExceptionTest.java">
</file>
<file name="C:\Users\draj0.CHANDRIKAV\Downloads\commons-lang-master\commons-lang-master\src\test\java\org\apache\commons\lang3\exception\UncheckedReflectiveOperationExceptionTest.java">
</file>
<file name="C:\Users\draj0.CHANDRIKAV\Downloads\commons-lang-master\commons-lang-master\src\test\java\org\apache\commons\lang3\function\AnnotationTestFixture.java">
</file>
<file name="C:\Users\draj0.CHANDRIKAV\Downloads\commons-lang-master\commons-lang-master\src\test\java\org\apache\commons\lang3\function\BooleanConsumerTest.java">
</file>
<file name="C:\Users\draj0.CHANDRIKAV\Downloads\commons-lang-master\commons-lang-master\src\test\java\org\apache\commons\lang3\function\ConsumersTest.java">
</file>
<file name="C:\Users\draj0.CHANDRIKAV\Downloads\commons-lang-master\commons-lang-master\src\test\java\org\apache\commons\lang3\function\FailableFunctionsTest.java">
</file>
<file name="C:\Users\draj0.CHANDRIKAV\Downloads\commons-lang-master\commons-lang-master\src\test\java\org\apache\commons\lang3\function\IntToCharFunctionTest.java">
</file>
<file name="C:\Users\draj0.CHANDRIKAV\Downloads\commons-lang-master\commons-lang-master\src\test\java\org\apache\commons\lang3\function\MethodFixtures.java">
</file>
<file name="C:\Users\draj0.CHANDRIKAV\Downloads\commons-lang-master\commons-lang-master\src\test\java\org\apache\commons\lang3\function\MethodInvokersBiConsumerTest.java">
</file>
<file name="C:\Users\draj0.CHANDRIKAV\Downloads\commons-lang-master\commons-lang-master\src\test\java\org\apache\commons\lang3\function\MethodInvokersBiFunctionTest.java">
</file>
<file name="C:\Users\draj0.CHANDRIKAV\Downloads\commons-lang-master\commons-lang-master\src\test\java\org\apache\commons\lang3\function\MethodInvokersFailableBiConsumerTest.java">
</file>
<file name="C:\Users\draj0.CHANDRIKAV\Downloads\commons-lang-master\commons-lang-master\src\test\java\org\apache\commons\lang3\function\MethodInvokersFailableBiFunctionTest.java">
</file>
<file name="C:\Users\draj0.CHANDRIKAV\Downloads\commons-lang-master\commons-lang-master\src\test\java\org\apache\commons\lang3\function\MethodInvokersFailableFunctionTest.java">
</file>
<file name="C:\Users\draj0.CHANDRIKAV\Downloads\commons-lang-master\commons-lang-master\src\test\java\org\apache\commons\lang3\function\MethodInvokersFailableSupplierTest.java">
</file>
<file name="C:\Users\draj0.CHANDRIKAV\Downloads\commons-lang-master\commons-lang-master\src\test\java\org\apache\commons\lang3\function\MethodInvokersFunctionTest.java">
</file>
<file name="C:\Users\draj0.CHANDRIKAV\Downloads\commons-lang-master\commons-lang-master\src\test\java\org\apache\commons\lang3\function\MethodInvokersSupplierTest.java">
</file>
<file name="C:\Users\draj0.CHANDRIKAV\Downloads\commons-lang-master\commons-lang-master\src\test\java\org\apache\commons\lang3\function\Objects.java">
</file>
<file name="C:\Users\draj0.CHANDRIKAV\Downloads\commons-lang-master\commons-lang-master\src\test\java\org\apache\commons\lang3\function\ObjectsTest.java">
</file>
<file name="C:\Users\draj0.CHANDRIKAV\Downloads\commons-lang-master\commons-lang-master\src\test\java\org\apache\commons\lang3\function\SuppliersTest.java">
</file>
<file name="C:\Users\draj0.CHANDRIKAV\Downloads\commons-lang-master\commons-lang-master\src\test\java\org\apache\commons\lang3\function\ToBooleanBiFunctionTest.java">
</file>
<file name="C:\Users\draj0.CHANDRIKAV\Downloads\commons-lang-master\commons-lang-master\src\test\java\org\apache\commons\lang3\function\TriConsumerTest.java">
</file>
<file name="C:\Users\draj0.CHANDRIKAV\Downloads\commons-lang-master\commons-lang-master\src\test\java\org\apache\commons\lang3\function\TriFunctionTest.java">
</file>
<file name="C:\Users\draj0.CHANDRIKAV\Downloads\commons-lang-master\commons-lang-master\src\test\java\org\apache\commons\lang3\math\FractionTest.java">
</file>
<file name="C:\Users\draj0.CHANDRIKAV\Downloads\commons-lang-master\commons-lang-master\src\test\java\org\apache\commons\lang3\math\IEEE754rUtilsTest.java">
</file>
<file name="C:\Users\draj0.CHANDRIKAV\Downloads\commons-lang-master\commons-lang-master\src\test\java\org\apache\commons\lang3\math\NumberUtilsTest.java">
</file>
<file name="C:\Users\draj0.CHANDRIKAV\Downloads\commons-lang-master\commons-lang-master\src\test\java\org\apache\commons\lang3\mutable\MutableBooleanTest.java">
</file>
<file name="C:\Users\draj0.CHANDRIKAV\Downloads\commons-lang-master\commons-lang-master\src\test\java\org\apache\commons\lang3\mutable\MutableByteTest.java">
</file>
<file name="C:\Users\draj0.CHANDRIKAV\Downloads\commons-lang-master\commons-lang-master\src\test\java\org\apache\commons\lang3\mutable\MutableDoubleTest.java">
</file>
<file name="C:\Users\draj0.CHANDRIKAV\Downloads\commons-lang-master\commons-lang-master\src\test\java\org\apache\commons\lang3\mutable\MutableFloatTest.java">
</file>
<file name="C:\Users\draj0.CHANDRIKAV\Downloads\commons-lang-master\commons-lang-master\src\test\java\org\apache\commons\lang3\mutable\MutableIntTest.java">
</file>
<file name="C:\Users\draj0.CHANDRIKAV\Downloads\commons-lang-master\commons-lang-master\src\test\java\org\apache\commons\lang3\mutable\MutableLongTest.java">
</file>
<file name="C:\Users\draj0.CHANDRIKAV\Downloads\commons-lang-master\commons-lang-master\src\test\java\org\apache\commons\lang3\mutable\MutableObjectTest.java">
</file>
<file name="C:\Users\draj0.CHANDRIKAV\Downloads\commons-lang-master\commons-lang-master\src\test\java\org\apache\commons\lang3\mutable\MutableShortTest.java">
</file>
<file name="C:\Users\draj0.CHANDRIKAV\Downloads\commons-lang-master\commons-lang-master\src\test\java\org\apache\commons\lang3\mutable\PrintAtomicVsMutable.java">
</file>
<file name="C:\Users\draj0.CHANDRIKAV\Downloads\commons-lang-master\commons-lang-master\src\test\java\org\apache\commons\lang3\reflect\ConstructorUtilsTest.java">
</file>
<file name="C:\Users\draj0.CHANDRIKAV\Downloads\commons-lang-master\commons-lang-master\src\test\java\org\apache\commons\lang3\reflect\FieldUtilsTest.java">
</file>
<file name="C:\Users\draj0.CHANDRIKAV\Downloads\commons-lang-master\commons-lang-master\src\test\java\org\apache\commons\lang3\reflect\InheritanceUtilsTest.java">
</file>
<file name="C:\Users\draj0.CHANDRIKAV\Downloads\commons-lang-master\commons-lang-master\src\test\java\org\apache\commons\lang3\reflect\MethodUtilsTest.java">
</file>
<file name="C:\Users\draj0.CHANDRIKAV\Downloads\commons-lang-master\commons-lang-master\src\test\java\org\apache\commons\lang3\reflect\TypeLiteralTest.java">
</file>
<file name="C:\Users\draj0.CHANDRIKAV\Downloads\commons-lang-master\commons-lang-master\src\test\java\org\apache\commons\lang3\reflect\TypeUtilsTest.java">
</file>
<file name="C:\Users\draj0.CHANDRIKAV\Downloads\commons-lang-master\commons-lang-master\src\test\java\org\apache\commons\lang3\reflect\testbed\Ambig.java">
</file>
<file name="C:\Users\draj0.CHANDRIKAV\Downloads\commons-lang-master\commons-lang-master\src\test\java\org\apache\commons\lang3\reflect\testbed\Annotated.java">
</file>
<file name="C:\Users\draj0.CHANDRIKAV\Downloads\commons-lang-master\commons-lang-master\src\test\java\org\apache\commons\lang3\reflect\testbed\AnotherChild.java">
</file>
<file name="C:\Users\draj0.CHANDRIKAV\Downloads\commons-lang-master\commons-lang-master\src\test\java\org\apache\commons\lang3\reflect\testbed\AnotherParent.java">
</file>
<file name="C:\Users\draj0.CHANDRIKAV\Downloads\commons-lang-master\commons-lang-master\src\test\java\org\apache\commons\lang3\reflect\testbed\Bar.java">
</file>
<file name="C:\Users\draj0.CHANDRIKAV\Downloads\commons-lang-master\commons-lang-master\src\test\java\org\apache\commons\lang3\reflect\testbed\Foo.java">
</file>
<file name="C:\Users\draj0.CHANDRIKAV\Downloads\commons-lang-master\commons-lang-master\src\test\java\org\apache\commons\lang3\reflect\testbed\GenericConsumer.java">
</file>
<file name="C:\Users\draj0.CHANDRIKAV\Downloads\commons-lang-master\commons-lang-master\src\test\java\org\apache\commons\lang3\reflect\testbed\GenericParent.java">
</file>
<file name="C:\Users\draj0.CHANDRIKAV\Downloads\commons-lang-master\commons-lang-master\src\test\java\org\apache\commons\lang3\reflect\testbed\GenericTypeHolder.java">
</file>
<file name="C:\Users\draj0.CHANDRIKAV\Downloads\commons-lang-master\commons-lang-master\src\test\java\org\apache\commons\lang3\reflect\testbed\Grandchild.java">
</file>
<file name="C:\Users\draj0.CHANDRIKAV\Downloads\commons-lang-master\commons-lang-master\src\test\java\org\apache\commons\lang3\reflect\testbed\Parent.java">
</file>
<file name="C:\Users\draj0.CHANDRIKAV\Downloads\commons-lang-master\commons-lang-master\src\test\java\org\apache\commons\lang3\reflect\testbed\PrivatelyShadowedChild.java">
</file>
<file name="C:\Users\draj0.CHANDRIKAV\Downloads\commons-lang-master\commons-lang-master\src\test\java\org\apache\commons\lang3\reflect\testbed\PublicChild.java">
</file>
<file name="C:\Users\draj0.CHANDRIKAV\Downloads\commons-lang-master\commons-lang-master\src\test\java\org\apache\commons\lang3\reflect\testbed\PubliclyShadowedChild.java">
</file>
<file name="C:\Users\draj0.CHANDRIKAV\Downloads\commons-lang-master\commons-lang-master\src\test\java\org\apache\commons\lang3\reflect\testbed\StaticContainer.java">
</file>
<file name="C:\Users\draj0.CHANDRIKAV\Downloads\commons-lang-master\commons-lang-master\src\test\java\org\apache\commons\lang3\reflect\testbed\StaticContainerChild.java">
</file>
<file name="C:\Users\draj0.CHANDRIKAV\Downloads\commons-lang-master\commons-lang-master\src\test\java\org\apache\commons\lang3\reflect\testbed\StringParameterizedChild.java">
</file>
<file name="C:\Users\draj0.CHANDRIKAV\Downloads\commons-lang-master\commons-lang-master\src\test\java\org\apache\commons\lang3\stream\IntStreamsTest.java">
</file>
<file name="C:\Users\draj0.CHANDRIKAV\Downloads\commons-lang-master\commons-lang-master\src\test\java\org\apache\commons\lang3\stream\LangCollectorsTest.java">
</file>
<file name="C:\Users\draj0.CHANDRIKAV\Downloads\commons-lang-master\commons-lang-master\src\test\java\org\apache\commons\lang3\stream\StreamsTest.java">
</file>
<file name="C:\Users\draj0.CHANDRIKAV\Downloads\commons-lang-master\commons-lang-master\src\test\java\org\apache\commons\lang3\test\NotVisibleExceptionFactory.java">
</file>
<file name="C:\Users\draj0.CHANDRIKAV\Downloads\commons-lang-master\commons-lang-master\src\test\java\org\apache\commons\lang3\text\CompositeFormatTest.java">
</file>
<file name="C:\Users\draj0.CHANDRIKAV\Downloads\commons-lang-master\commons-lang-master\src\test\java\org\apache\commons\lang3\text\ExtendedMessageFormatTest.java">
</file>
<file name="C:\Users\draj0.CHANDRIKAV\Downloads\commons-lang-master\commons-lang-master\src\test\java\org\apache\commons\lang3\text\FormattableUtilsTest.java">
</file>
<file name="C:\Users\draj0.CHANDRIKAV\Downloads\commons-lang-master\commons-lang-master\src\test\java\org\apache\commons\lang3\text\StrBuilderAppendInsertTest.java">
</file>
<file name="C:\Users\draj0.CHANDRIKAV\Downloads\commons-lang-master\commons-lang-master\src\test\java\org\apache\commons\lang3\text\StrBuilderTest.java">
</file>
<file name="C:\Users\draj0.CHANDRIKAV\Downloads\commons-lang-master\commons-lang-master\src\test\java\org\apache\commons\lang3\text\StrLookupTest.java">
</file>
<file name="C:\Users\draj0.CHANDRIKAV\Downloads\commons-lang-master\commons-lang-master\src\test\java\org\apache\commons\lang3\text\StrMatcherTest.java">
</file>
<file name="C:\Users\draj0.CHANDRIKAV\Downloads\commons-lang-master\commons-lang-master\src\test\java\org\apache\commons\lang3\text\StrSubstitutorTest.java">
</file>
<file name="C:\Users\draj0.CHANDRIKAV\Downloads\commons-lang-master\commons-lang-master\src\test\java\org\apache\commons\lang3\text\StrTokenizerTest.java">
</file>
<file name="C:\Users\draj0.CHANDRIKAV\Downloads\commons-lang-master\commons-lang-master\src\test\java\org\apache\commons\lang3\text\WordUtilsTest.java">
</file>
<file name="C:\Users\draj0.CHANDRIKAV\Downloads\commons-lang-master\commons-lang-master\src\test\java\org\apache\commons\lang3\text\translate\EntityArraysTest.java">
</file>
<file name="C:\Users\draj0.CHANDRIKAV\Downloads\commons-lang-master\commons-lang-master\src\test\java\org\apache\commons\lang3\text\translate\LookupTranslatorTest.java">
</file>
<file name="C:\Users\draj0.CHANDRIKAV\Downloads\commons-lang-master\commons-lang-master\src\test\java\org\apache\commons\lang3\text\translate\NumericEntityEscaperTest.java">
</file>
<file name="C:\Users\draj0.CHANDRIKAV\Downloads\commons-lang-master\commons-lang-master\src\test\java\org\apache\commons\lang3\text\translate\NumericEntityUnescaperTest.java">
</file>
<file name="C:\Users\draj0.CHANDRIKAV\Downloads\commons-lang-master\commons-lang-master\src\test\java\org\apache\commons\lang3\text\translate\OctalUnescaperTest.java">
</file>
<file name="C:\Users\draj0.CHANDRIKAV\Downloads\commons-lang-master\commons-lang-master\src\test\java\org\apache\commons\lang3\text\translate\UnicodeEscaperTest.java">
</file>
<file name="C:\Users\draj0.CHANDRIKAV\Downloads\commons-lang-master\commons-lang-master\src\test\java\org\apache\commons\lang3\text\translate\UnicodeUnescaperTest.java">
</file>
<file name="C:\Users\draj0.CHANDRIKAV\Downloads\commons-lang-master\commons-lang-master\src\test\java\org\apache\commons\lang3\text\translate\UnicodeUnpairedSurrogateRemoverTest.java">
</file>
<file name="C:\Users\draj0.CHANDRIKAV\Downloads\commons-lang-master\commons-lang-master\src\test\java\org\apache\commons\lang3\time\CalendarUtilsTest.java">
</file>
<file name="C:\Users\draj0.CHANDRIKAV\Downloads\commons-lang-master\commons-lang-master\src\test\java\org\apache\commons\lang3\time\DateFormatUtilsTest.java">
</file>
<file name="C:\Users\draj0.CHANDRIKAV\Downloads\commons-lang-master\commons-lang-master\src\test\java\org\apache\commons\lang3\time\DateUtilsFragmentTest.java">
</file>
<file name="C:\Users\draj0.CHANDRIKAV\Downloads\commons-lang-master\commons-lang-master\src\test\java\org\apache\commons\lang3\time\DateUtilsRoundingTest.java">
</file>
<file name="C:\Users\draj0.CHANDRIKAV\Downloads\commons-lang-master\commons-lang-master\src\test\java\org\apache\commons\lang3\time\DateUtilsTest.java">
</file>
<file name="C:\Users\draj0.CHANDRIKAV\Downloads\commons-lang-master\commons-lang-master\src\test\java\org\apache\commons\lang3\time\DurationFormatUtilsTest.java">
</file>
<file name="C:\Users\draj0.CHANDRIKAV\Downloads\commons-lang-master\commons-lang-master\src\test\java\org\apache\commons\lang3\time\DurationUtilsTest.java">
</file>
<file name="C:\Users\draj0.CHANDRIKAV\Downloads\commons-lang-master\commons-lang-master\src\test\java\org\apache\commons\lang3\time\FastDateFormatTest.java">
</file>
<file name="C:\Users\draj0.CHANDRIKAV\Downloads\commons-lang-master\commons-lang-master\src\test\java\org\apache\commons\lang3\time\FastDateFormat_PrinterTest.java">
</file>
<file name="C:\Users\draj0.CHANDRIKAV\Downloads\commons-lang-master\commons-lang-master\src\test\java\org\apache\commons\lang3\time\FastDateParserSDFTest.java">
</file>
<file name="C:\Users\draj0.CHANDRIKAV\Downloads\commons-lang-master\commons-lang-master\src\test\java\org\apache\commons\lang3\time\FastDateParserTest.java">
</file>
<file name="C:\Users\draj0.CHANDRIKAV\Downloads\commons-lang-master\commons-lang-master\src\test\java\org\apache\commons\lang3\time\FastDateParser_MoreOrLessTest.java">
</file>
<file name="C:\Users\draj0.CHANDRIKAV\Downloads\commons-lang-master\commons-lang-master\src\test\java\org\apache\commons\lang3\time\FastDateParser_TimeZoneStrategyTest.java">
</file>
<file name="C:\Users\draj0.CHANDRIKAV\Downloads\commons-lang-master\commons-lang-master\src\test\java\org\apache\commons\lang3\time\FastDatePrinterTest.java">
</file>
<file name="C:\Users\draj0.CHANDRIKAV\Downloads\commons-lang-master\commons-lang-master\src\test\java\org\apache\commons\lang3\time\FastDatePrinterTimeZonesTest.java">
</file>
<file name="C:\Users\draj0.CHANDRIKAV\Downloads\commons-lang-master\commons-lang-master\src\test\java\org\apache\commons\lang3\time\FastTimeZoneTest.java">
</file>
<file name="C:\Users\draj0.CHANDRIKAV\Downloads\commons-lang-master\commons-lang-master\src\test\java\org\apache\commons\lang3\time\GmtTimeZoneTest.java">
</file>
<file name="C:\Users\draj0.CHANDRIKAV\Downloads\commons-lang-master\commons-lang-master\src\test\java\org\apache\commons\lang3\time\Java15BugFastDateParserTest.java">
</file>
<file name="C:\Users\draj0.CHANDRIKAV\Downloads\commons-lang-master\commons-lang-master\src\test\java\org\apache\commons\lang3\time\StopWatchTest.java">
</file>
<file name="C:\Users\draj0.CHANDRIKAV\Downloads\commons-lang-master\commons-lang-master\src\test\java\org\apache\commons\lang3\time\WeekYearTest.java">
</file>
<file name="C:\Users\draj0.CHANDRIKAV\Downloads\commons-lang-master\commons-lang-master\src\test\java\org\apache\commons\lang3\tuple\ImmutablePairTest.java">
</file>
<file name="C:\Users\draj0.CHANDRIKAV\Downloads\commons-lang-master\commons-lang-master\src\test\java\org\apache\commons\lang3\tuple\ImmutableTripleTest.java">
</file>
<file name="C:\Users\draj0.CHANDRIKAV\Downloads\commons-lang-master\commons-lang-master\src\test\java\org\apache\commons\lang3\tuple\MutablePairTest.java">
</file>
<file name="C:\Users\draj0.CHANDRIKAV\Downloads\commons-lang-master\commons-lang-master\src\test\java\org\apache\commons\lang3\tuple\MutableTripleTest.java">
</file>
<file name="C:\Users\draj0.CHANDRIKAV\Downloads\commons-lang-master\commons-lang-master\src\test\java\org\apache\commons\lang3\tuple\PairTest.java">
</file>
<file name="C:\Users\draj0.CHANDRIKAV\Downloads\commons-lang-master\commons-lang-master\src\test\java\org\apache\commons\lang3\tuple\TripleTest.java">
</file>
<file name="C:\Users\draj0.CHANDRIKAV\Downloads\commons-lang-master\commons-lang-master\src\test\java\org\apache\commons\lang3\util\FluentBitSetTest.java">
</file>
</checkstyle>
